DAY_HOUR,H_M1005,A_M1005,H_M2005,A_M2005,H_M3005,A_M3005,H_M1010,A_M1010,H_M2010,A_M2010,H_M3010,A_M3010,H_M1020,A_M1020,H_M2020,A_M2020,H_M3020,A_M3020,H_M1050,A_M1050,H_M2050,A_M2050,H_M3050,A_M3050,H_M1100,A_M1100,H_M2100,A_M2100,H_M3100,A_M3100,P_OFFICIAL,MEAN_M_5,MEAN_M_10,MEAN_M_20,MEAN_M_50,MEAN_M_100
01-00,,,,0.458,0.438,,,,,0.473,0.389,,,0.439,0.334,,,0.453,,0.397,,,,,,0.378,,,,,0,0.448,0.431,0.408666667,0.397,0.378
01-01,,,,0.455,0.438,,,,,0.474,0.389,,,0.44,0.334,,,0.453,,0.397,,,,,,0.378,,,,,0,0.4465,0.4315,0.409,0.397,0.378
01-02,,,,0.449,0.438,,,,,0.473,0.389,,,0.44,0.334,,,0.453,,0.397,,,,,,0.378,,,,,0,0.4435,0.431,0.409,0.397,0.378
01-03,,,,0.449,0.439,,,,,0.474,0.389,,,0.44,0.334,,,0.453,,0.397,,,,,,0.378,,,,,0,0.444,0.4315,0.409,0.397,0.378
01-04,,,,0.443,0.44,,,,,0.475,0.39,,,0.44,0.334,,,0.453,,0.398,,,,,,0.378,,,,,0,0.4415,0.4325,0.409,0.398,0.378
01-05,,,,0.44,0.44,,,,,0.475,0.39,,,0.441,0.335,,,0.453,,0.397,,,,,,0.378,,,,,0,0.44,0.4325,0.409666667,0.397,0.378
01-06,,,,0.44,0.44,,,,,0.476,0.39,,,0.441,0.335,,,0.455,,0.397,,,,,,0.378,,,,,0,0.44,0.433,0.410333333,0.397,0.378
01-07,,,,0.44,0.44,,,,,0.475,0.39,,,0.44,0.335,,,0.453,,0.397,,,,,,0.378,,,,,0,0.44,0.4325,0.409333333,0.397,0.378
01-08,,,,0.438,0.44,,,,,0.475,0.391,,,0.441,0.335,,,0.454,,0.397,,,,,,0.378,,,,,0,0.439,0.433,0.41,0.397,0.378
01-09,,,,0.437,0.44,,,,,0.475,0.392,,,0.44,0.335,,,0.454,,0.397,,,,,,0.378,,,,,0,0.4385,0.4335,0.409666667,0.397,0.378
01-10,,,,0.437,0.44,,,,,0.475,0.392,,,0.44,0.335,,,0.455,,0.397,,,,,,0.378,,,,,0,0.4385,0.4335,0.41,0.397,0.378
01-11,,,,0.437,0.44,,,,,0.475,0.391,,,0.441,0.336,,,0.455,,0.397,,,,,,0.378,,,,,0,0.4385,0.433,0.410666667,0.397,0.378
01-12,,,,0.436,0.439,,,,,0.475,0.391,,,0.441,0.336,,,0.455,,0.397,,,,,,0.378,,,,,0,0.4375,0.433,0.410666667,0.397,0.378
01-13,,,,0.436,0.439,,,,,0.475,0.391,,,0.44,0.336,,,0.455,,0.397,,,,,,0.378,,,,,0,0.4375,0.433,0.410333333,0.397,0.378
01-14,,,,0.436,0.439,,,,,0.476,0.391,,,0.441,0.336,,,0.456,,0.398,,,,,,0.378,,,,,0,0.4375,0.4335,0.411,0.398,0.378
01-15,,,,0.436,0.439,,,,,0.476,0.391,,,0.442,0.336,,,0.457,,0.397,,,,,,0.378,,,,,0,0.4375,0.4335,0.411666667,0.397,0.378
01-16,,,,0.435,0.439,,,,,0.476,0.391,,,0.442,0.336,,,0.457,,0.397,,,,,,0.378,,,,,0,0.437,0.4335,0.411666667,0.397,0.378
01-17,,,,0.435,0.439,,,,,0.475,0.392,,,0.441,0.335,,,0.455,,0.398,,,,,,0.378,,,,,0,0.437,0.4335,0.410333333,0.398,0.378
01-18,,,,0.435,0.439,,,,,0.475,0.391,,,0.441,0.336,,,0.456,,0.397,,,,,,0.378,,,,,0,0.437,0.433,0.411,0.397,0.378
01-19,,,,0.433,0.439,,,,,0.475,0.392,,,0.442,0.336,,,0.455,,0.398,,,,,,0.378,,,,,0,0.436,0.4335,0.411,0.398,0.378
01-20,,,,0.433,0.439,,,,,0.476,0.391,,,0.441,0.336,,,0.456,,0.397,,,,,,0.378,,,,,0,0.436,0.4335,0.411,0.397,0.378
01-21,,,,0.433,0.439,,,,,0.474,0.391,,,0.442,0.336,,,0.456,,0.397,,,,,,0.377,,,,,0,0.436,0.4325,0.411333333,0.397,0.377
01-22,,,,0.431,0.439,,,,,0.474,0.391,,,0.443,0.336,,,0.456,,0.398,,,,,,0.377,,,,,0,0.435,0.4325,0.411666667,0.398,0.377
01-23,,,,0.43,0.439,,,,,0.474,0.391,,,0.443,0.336,,,0.457,,0.398,,,,,,0.377,,,,,0,0.4345,0.4325,0.412,0.398,0.377
02-00,,,,0.43,0.439,,,,,0.473,0.391,,,0.443,0.336,,,0.455,,0.398,,,,,,0.377,,,,,0,0.4345,0.432,0.411333333,0.398,0.377
02-01,,,,0.43,0.439,,,,,0.474,0.391,,,0.443,0.336,,,0.455,,0.398,,,,,,0.377,,,,,0,0.4345,0.4325,0.411333333,0.398,0.377
02-02,,,,0.43,0.439,,,,,0.474,0.392,,,0.442,0.336,,,0.456,,0.398,,,,,,0.377,,,,,0,0.4345,0.433,0.411333333,0.398,0.377
02-03,,,,0.43,0.44,,,,,0.474,0.393,,,0.442,0.336,,,0.456,,0.398,,,,,,0.378,,,,,0,0.435,0.4335,0.411333333,0.398,0.378
02-04,,,,0.431,0.44,,,,,0.474,0.393,,,0.443,0.336,,,0.455,,0.398,,,,,,0.378,,,,,0,0.4355,0.4335,0.411333333,0.398,0.378
02-05,,,,0.432,0.44,,,,,0.474,0.393,,,0.443,0.336,,,0.454,,0.398,,,,,,0.378,,,,,0,0.436,0.4335,0.411,0.398,0.378
02-06,,,,0.432,0.44,,,,,0.475,0.394,,,0.442,0.337,,,0.455,,0.398,,,,,,0.377,,,,,0,0.436,0.4345,0.411333333,0.398,0.377
02-07,,,,0.433,0.441,,,,,0.476,0.393,,,0.442,0.337,,,0.456,,0.398,,,,,,0.377,,,,,0,0.437,0.4345,0.411666667,0.398,0.377
02-08,,,,0.433,0.441,,,,,0.476,0.393,,,0.443,0.337,,,0.456,,0.398,,,,,,0.378,,,,,0,0.437,0.4345,0.412,0.398,0.378
02-09,,,,0.433,0.441,,,,,0.476,0.393,,,0.441,0.337,,,0.457,,0.397,,,,,,0.377,,,,,0,0.437,0.4345,0.411666667,0.397,0.377
02-10,,,,0.433,0.441,,,,,0.476,0.393,,,0.442,0.337,,,0.457,,0.398,,,,,,0.377,,,,,0,0.437,0.4345,0.412,0.398,0.377
02-11,,,,0.433,0.441,,,,,0.476,0.393,,,0.443,0.337,,,0.457,,0.398,,,,,,0.377,,,,,0,0.437,0.4345,0.412333333,0.398,0.377
02-12,,,,0.434,0.441,,,,,0.477,0.395,,,0.442,0.338,,,0.456,,0.398,,,,,,0.378,,,,,0,0.4375,0.436,0.412,0.398,0.378
02-13,,,,0.434,0.441,,,,,0.476,0.395,,,0.443,0.338,,,0.457,,0.398,,,,,,0.377,,,,,0,0.4375,0.4355,0.412666667,0.398,0.377
02-14,,,,0.433,0.441,,,,,0.477,0.395,,,0.443,0.338,,,0.457,,0.398,,,,,,0.377,,,,,0,0.437,0.436,0.412666667,0.398,0.377
02-15,,,,0.433,0.441,,,,,0.477,0.395,,,0.444,0.338,,,0.457,,0.398,,,,,,0.378,,,,,0,0.437,0.436,0.413,0.398,0.378
02-16,,,,0.431,0.441,,,,,0.477,0.395,,,0.444,0.338,,,0.457,,0.398,,,,,,0.378,,,,,0,0.436,0.436,0.413,0.398,0.378
02-17,,,,0.429,0.44,,,,,0.476,0.394,,,0.443,0.338,,,0.457,,0.398,,,,,,0.377,,,,,0,0.4345,0.435,0.412666667,0.398,0.377
02-18,,,,0.427,0.439,,,,,0.476,0.393,,,0.443,0.338,,,0.457,,0.398,,,,,,0.377,,,,,0,0.433,0.4345,0.412666667,0.398,0.377
02-19,,,,0.426,0.439,,,,,0.475,0.394,,,0.443,0.337,,,0.458,,0.399,,,,,,0.377,,,,,0,0.4325,0.4345,0.412666667,0.399,0.377
02-20,,,,0.425,0.438,,,,,0.473,0.393,,,0.443,0.337,,,0.458,,0.398,,,,,,0.377,,,,,0,0.4315,0.433,0.412666667,0.398,0.377
02-21,,,,0.423,0.438,,,,,0.473,0.393,,,0.442,0.336,,,0.456,,0.399,,,,,,0.377,,,,,0,0.4305,0.433,0.411333333,0.399,0.377
02-22,,,,0.422,0.437,,,,,0.473,0.392,,,0.441,0.336,,,0.456,,0.398,,,,,,0.377,,,,,0,0.4295,0.4325,0.411,0.398,0.377
02-23,,,,0.423,0.438,,,,,0.471,0.392,,,0.441,0.336,,,0.455,,0.398,,,,,,0.377,,,,,0,0.4305,0.4315,0.410666667,0.398,0.377
03-00,,,,0.423,0.437,,,,,0.47,0.392,,,0.442,0.335,,,0.455,,0.399,,,,,,0.377,,,,,0,0.43,0.431,0.410666667,0.399,0.377
03-01,,,,0.423,0.438,,,,,0.469,0.392,,,0.441,0.335,,,0.455,,0.399,,,,,,0.377,,,,,0,0.4305,0.4305,0.410333333,0.399,0.377
03-02,,,,0.424,0.438,,,,,0.469,0.392,,,0.441,0.335,,,0.455,,0.398,,,,,,0.377,,,,,0,0.431,0.4305,0.410333333,0.398,0.377
03-03,,,,0.424,0.438,,,,,0.469,0.392,,,0.441,0.335,,,0.455,,0.398,,,,,,0.377,,,,,0,0.431,0.4305,0.410333333,0.398,0.377
03-04,,,,0.425,0.439,,,,,0.469,0.393,,,0.441,0.335,,,0.455,,0.398,,,,,,0.377,,,,,0,0.432,0.431,0.410333333,0.398,0.377
03-05,,,,0.425,0.439,,,,,0.469,0.393,,,0.441,0.335,,,0.455,,0.398,,,,,,0.377,,,,,0,0.432,0.431,0.410333333,0.398,0.377
03-06,,,,0.427,0.439,,,,,0.47,0.393,,,0.441,0.335,,,0.456,,0.399,,,,,,0.377,,,,,0,0.433,0.4315,0.410666667,0.399,0.377
03-07,,,,0.425,0.438,,,,,0.47,0.393,,,0.44,0.335,,,0.454,,0.398,,,,,,0.377,,,,,0,0.4315,0.4315,0.409666667,0.398,0.377
03-08,,,,0.427,0.438,,,,,0.469,0.393,,,0.44,0.335,,,0.454,,0.398,,,,,,0.377,,,,,0,0.4325,0.431,0.409666667,0.398,0.377
03-09,,,,0.425,0.438,,,,,0.469,0.392,,,0.44,0.335,,,0.455,,0.398,,,,,,0.377,,,,,0,0.4315,0.4305,0.41,0.398,0.377
03-10,,,,0.426,0.439,,,,,0.47,0.392,,,0.441,0.335,,,0.455,,0.398,,,,,,0.377,,,,,0,0.4325,0.431,0.410333333,0.398,0.377
03-11,,,,0.425,0.439,,,,,0.469,0.392,,,0.44,0.335,,,0.455,,0.398,,,,,,0.377,,,,,0,0.432,0.4305,0.41,0.398,0.377
03-12,,,,0.426,0.438,,,,,0.47,0.392,,,0.441,0.335,,,0.455,,0.398,,,,,,0.377,,,,,0,0.432,0.431,0.410333333,0.398,0.377
03-13,,,,0.425,0.439,,,,,0.47,0.393,,,0.44,0.335,,,0.454,,0.398,,,,,,0.377,,,,,0,0.432,0.4315,0.409666667,0.398,0.377
03-14,,,,0.425,0.439,,,,,0.47,0.393,,,0.44,0.335,,,0.456,,0.398,,,,,,0.377,,,,,0,0.432,0.4315,0.410333333,0.398,0.377
03-15,,,,0.425,0.439,,,,,0.469,0.394,,,0.44,0.335,,,0.455,,0.398,,,,,,0.377,,,,,0,0.432,0.4315,0.41,0.398,0.377
03-16,,,,0.426,0.439,,,,,0.47,0.393,,,0.441,0.335,,,0.455,,0.398,,,,,,0.377,,,,,0,0.4325,0.4315,0.410333333,0.398,0.377
03-17,,,,0.424,0.439,,,,,0.468,0.392,,,0.44,0.335,,,0.456,,0.398,,,,,,0.377,,,,,0,0.4315,0.43,0.410333333,0.398,0.377
03-18,,,,0.423,0.439,,,,,0.469,0.392,,,0.44,0.335,,,0.454,,0.398,,,,,,0.377,,,,,0,0.431,0.4305,0.409666667,0.398,0.377
03-19,,,,0.423,0.439,,,,,0.469,0.392,,,0.44,0.335,,,0.455,,0.398,,,,,,0.377,,,,,0,0.431,0.4305,0.41,0.398,0.377
03-20,,,,0.423,0.438,,,,,0.468,0.392,,,0.439,0.334,,,0.455,,0.398,,,,,,0.377,,,,,0,0.4305,0.43,0.409333333,0.398,0.377
03-21,,,,0.422,0.438,,,,,0.468,0.392,,,0.439,0.334,,,0.454,,0.398,,,,,,0.377,,,,,0,0.43,0.43,0.409,0.398,0.377
03-22,,,,0.422,0.438,,,,,0.469,0.392,,,0.44,0.334,,,0.453,,0.398,,,,,,0.376,,,,,0,0.43,0.4305,0.409,0.398,0.376
03-23,,,,0.423,0.438,,,,,0.469,0.392,,,0.44,0.334,,,0.453,,0.398,,,,,,0.377,,,,,1.2,0.4305,0.4305,0.409,0.398,0.377
04-00,,,,0.424,0.438,,,,,0.469,0.392,,,0.44,0.334,,,0.453,,0.398,,,,,,0.377,,,,,0,0.431,0.4305,0.409,0.398,0.377
04-01,,,,0.423,0.438,,,,,0.468,0.392,,,0.438,0.334,,,0.453,,0.397,,,,,,0.377,,,,,0,0.4305,0.43,0.408333333,0.397,0.377
04-02,,,,0.423,0.438,,,,,0.468,0.392,,,0.439,0.334,,,0.453,,0.397,,,,,,0.376,,,,,0,0.4305,0.43,0.408666667,0.397,0.376
04-03,,,,0.423,0.438,,,,,0.469,0.392,,,0.439,0.334,,,0.453,,0.397,,,,,,0.376,,,,,0,0.4305,0.4305,0.408666667,0.397,0.376
04-04,,,,0.423,0.438,,,,,0.467,0.392,,,0.439,0.334,,,0.453,,0.398,,,,,,0.377,,,,,0,0.4305,0.4295,0.408666667,0.398,0.377
04-05,,,,0.423,0.438,,,,,0.469,0.392,,,0.438,0.334,,,0.453,,0.398,,,,,,0.376,,,,,0,0.4305,0.4305,0.408333333,0.398,0.376
04-06,,,,0.424,0.438,,,,,0.469,0.392,,,0.439,0.334,,,0.452,,0.397,,,,,,0.376,,,,,0,0.431,0.4305,0.408333333,0.397,0.376
04-07,,,,0.423,0.438,,,,,0.467,0.392,,,0.438,0.334,,,0.453,,0.397,,,,,,0.376,,,,,0,0.4305,0.4295,0.408333333,0.397,0.376
04-08,,,,0.423,0.438,,,,,0.468,0.392,,,0.438,0.334,,,0.452,,0.398,,,,,,0.376,,,,,0,0.4305,0.43,0.408,0.398,0.376
04-09,,,,0.423,0.438,,,,,0.468,0.393,,,0.438,0.334,,,0.452,,0.398,,,,,,0.376,,,,,0,0.4305,0.4305,0.408,0.398,0.376
04-10,,,,0.424,0.438,,,,,0.469,0.393,,,0.439,0.334,,,0.452,,0.397,,,,,,0.376,,,,,0,0.431,0.431,0.408333333,0.397,0.376
04-11,,,,0.422,0.437,,,,,0.469,0.393,,,0.438,0.334,,,0.451,,0.397,,,,,,0.376,,,,,0,0.4295,0.431,0.407666667,0.397,0.376
04-12,,,,0.423,0.437,,,,,0.467,0.393,,,0.438,0.334,,,0.451,,0.397,,,,,,0.376,,,,,0,0.43,0.43,0.407666667,0.397,0.376
04-13,,,,0.421,0.437,,,,,0.467,0.393,,,0.437,0.334,,,0.451,,0.397,,,,,,0.376,,,,,0,0.429,0.43,0.407333333,0.397,0.376
04-14,,,,0.422,0.438,,,,,0.467,0.393,,,0.437,0.333,,,0.453,,0.397,,,,,,0.376,,,,,0,0.43,0.43,0.407666667,0.397,0.376
04-15,,,,0.422,0.438,,,,,0.467,0.394,,,0.437,0.333,,,0.452,,0.397,,,,,,0.376,,,,,0.6,0.43,0.4305,0.407333333,0.397,0.376
04-16,,,,0.423,0.438,,,,,0.466,0.394,,,0.437,0.333,,,0.452,,0.397,,,,,,0.376,,,,,0.2,0.4305,0.43,0.407333333,0.397,0.376
04-17,,,,0.422,0.438,,,,,0.467,0.394,,,0.437,0.333,,,0.452,,0.397,,,,,,0.376,,,,,0,0.43,0.4305,0.407333333,0.397,0.376
04-18,,,,0.421,0.438,,,,,0.466,0.393,,,0.437,0.333,,,0.451,,0.397,,,,,,0.376,,,,,0,0.4295,0.4295,0.407,0.397,0.376
04-19,,,,0.42,0.437,,,,,0.466,0.393,,,0.436,0.333,,,0.451,,0.397,,,,,,0.376,,,,,0,0.4285,0.4295,0.406666667,0.397,0.376
04-20,,,,0.419,0.437,,,,,0.465,0.393,,,0.437,0.333,,,0.451,,0.397,,,,,,0.376,,,,,0,0.428,0.429,0.407,0.397,0.376
04-21,,,,0.417,0.438,,,,,0.464,0.393,,,0.436,0.332,,,0.451,,0.397,,,,,,0.376,,,,,0,0.4275,0.4285,0.406333333,0.397,0.376
04-22,,,,0.417,0.437,,,,,0.464,0.391,,,0.438,0.332,,,0.451,,0.396,,,,,,0.376,,,,,0,0.427,0.4275,0.407,0.396,0.376
04-23,,,,0.417,0.437,,,,,0.464,0.391,,,0.436,0.332,,,0.45,,0.397,,,,,,0.376,,,,,0,0.427,0.4275,0.406,0.397,0.376
05-00,,,,0.416,0.437,,,,,0.463,0.391,,,0.435,0.332,,,0.45,,0.397,,,,,,0.376,,,,,0,0.4265,0.427,0.405666667,0.397,0.376
05-01,,,,0.417,0.437,,,,,0.463,0.392,,,0.435,0.331,,,0.449,,0.396,,,,,,0.376,,,,,0,0.427,0.4275,0.405,0.396,0.376
05-02,,,,0.418,0.438,,,,,0.462,0.392,,,0.435,0.331,,,0.449,,0.397,,,,,,0.376,,,,,0,0.428,0.427,0.405,0.397,0.376
05-03,,,,0.419,0.437,,,,,0.463,0.391,,,0.434,0.331,,,0.447,,0.396,,,,,,0.376,,,,,0,0.428,0.427,0.404,0.396,0.376
05-04,,,,0.42,0.437,,,,,0.463,0.391,,,0.434,0.331,,,0.447,,0.396,,,,,,0.376,,,,,0,0.4285,0.427,0.404,0.396,0.376
05-05,,,,0.419,0.437,,,,,0.463,0.392,,,0.434,0.331,,,0.448,,0.396,,,,,,0.376,,,,,0,0.428,0.4275,0.404333333,0.396,0.376
05-06,,,,0.418,0.437,,,,,0.464,0.392,,,0.434,0.331,,,0.448,,0.396,,,,,,0.376,,,,,0,0.4275,0.428,0.404333333,0.396,0.376
05-07,,,,0.419,0.437,,,,,0.463,0.393,,,0.434,0.331,,,0.448,,0.396,,,,,,0.376,,,,,0,0.428,0.428,0.404333333,0.396,0.376
05-08,,,,0.419,0.437,,,,,0.463,0.393,,,0.434,0.331,,,0.448,,0.396,,,,,,0.376,,,,,0,0.428,0.428,0.404333333,0.396,0.376
05-09,,,,0.42,0.437,,,,,0.464,0.393,,,0.434,0.331,,,0.448,,0.396,,,,,,0.376,,,,,0,0.4285,0.4285,0.404333333,0.396,0.376
05-10,,,,0.42,0.437,,,,,0.464,0.393,,,0.434,0.331,,,0.448,,0.396,,,,,,0.376,,,,,0,0.4285,0.4285,0.404333333,0.396,0.376
05-11,,,,0.419,0.437,,,,,0.464,0.393,,,0.435,0.331,,,0.447,,0.396,,,,,,0.375,,,,,0,0.428,0.4285,0.404333333,0.396,0.375
05-12,,,,0.419,0.437,,,,,0.464,0.393,,,0.434,0.331,,,0.448,,0.396,,,,,,0.375,,,,,0,0.428,0.4285,0.404333333,0.396,0.375
05-13,,,,0.42,0.437,,,,,0.464,0.393,,,0.435,0.331,,,0.448,,0.396,,,,,,0.376,,,,,0,0.4285,0.4285,0.404666667,0.396,0.376
05-14,,,,0.416,0.437,,,,,0.463,0.393,,,0.434,0.331,,,0.448,,0.396,,,,,,0.375,,,,,0,0.4265,0.428,0.404333333,0.396,0.375
05-15,,,,0.414,0.437,,,,,0.463,0.393,,,0.435,0.331,,,0.448,,0.396,,,,,,0.375,,,,,0,0.4255,0.428,0.404666667,0.396,0.375
05-16,,,,0.414,0.437,,,,,0.464,0.393,,,0.435,0.331,,,0.448,,0.396,,,,,,0.375,,,,,0,0.4255,0.4285,0.404666667,0.396,0.375
05-17,,,,0.412,0.436,,,,,0.463,0.393,,,0.434,0.331,,,0.449,,0.395,,,,,,0.375,,,,,0,0.424,0.428,0.404666667,0.395,0.375
05-18,,,,0.411,0.436,,,,,0.462,0.393,,,0.434,0.331,,,0.447,,0.396,,,,,,0.375,,,,,0,0.4235,0.4275,0.404,0.396,0.375
05-19,,,,0.409,0.436,,,,,0.461,0.392,,,0.434,0.33,,,0.447,,0.396,,,,,,0.375,,,,,0,0.4225,0.4265,0.403666667,0.396,0.375
05-20,,,,0.408,0.435,,,,,0.461,0.392,,,0.433,0.33,,,0.447,,0.396,,,,,,0.375,,,,,0,0.4215,0.4265,0.403333333,0.396,0.375
05-21,,,,0.407,0.435,,,,,0.46,0.392,,,0.433,0.329,,,0.446,,0.395,,,,,,0.375,,,,,0,0.421,0.426,0.402666667,0.395,0.375
05-22,,,,0.407,0.435,,,,,0.46,0.392,,,0.431,0.329,,,0.445,,0.395,,,,,,0.375,,,,,0,0.421,0.426,0.401666667,0.395,0.375
05-23,,,,0.409,0.435,,,,,0.46,0.392,,,0.431,0.329,,,0.444,,0.396,,,,,,0.375,,,,,0,0.422,0.426,0.401333333,0.396,0.375
06-00,,,,0.409,0.435,,,,,0.459,0.392,,,0.432,0.328,,,0.444,,0.395,,,,,,0.375,,,,,0,0.422,0.4255,0.401333333,0.395,0.375
06-01,,,,0.408,0.434,,,,,0.459,0.392,,,0.431,0.328,,,0.444,,0.395,,,,,,0.375,,,,,0,0.421,0.4255,0.401,0.395,0.375
06-02,,,,0.407,0.435,,,,,0.459,0.392,,,0.43,0.328,,,0.444,,0.395,,,,,,0.375,,,,,0,0.421,0.4255,0.400666667,0.395,0.375
06-03,,,,0.41,0.435,,,,,0.459,0.392,,,0.43,0.328,,,0.444,,0.395,,,,,,0.375,,,,,0,0.4225,0.4255,0.400666667,0.395,0.375
06-04,,,,0.409,0.436,,,,,0.459,0.392,,,0.43,0.328,,,0.444,,0.395,,,,,,0.375,,,,,0,0.4225,0.4255,0.400666667,0.395,0.375
06-05,,,,0.409,0.436,,,,,0.459,0.392,,,0.43,0.328,,,0.444,,0.395,,,,,,0.375,,,,,0,0.4225,0.4255,0.400666667,0.395,0.375
06-06,,,,0.41,0.436,,,,,0.459,0.392,,,0.431,0.328,,,0.444,,0.396,,,,,,0.375,,,,,0,0.423,0.4255,0.401,0.396,0.375
06-07,,,,0.41,0.436,,,,,0.46,0.392,,,0.432,0.328,,,0.444,,0.395,,,,,,0.375,,,,,0,0.423,0.426,0.401333333,0.395,0.375
06-08,,,,0.41,0.436,,,,,0.46,0.392,,,0.432,0.328,,,0.444,,0.394,,,,,,0.375,,,,,0,0.423,0.426,0.401333333,0.394,0.375
06-09,,,,0.411,0.436,,,,,0.46,0.392,,,0.431,0.328,,,0.443,,0.395,,,,,,0.375,,,,,0,0.4235,0.426,0.400666667,0.395,0.375
06-10,,,,0.411,0.436,,,,,0.46,0.392,,,0.432,0.328,,,0.444,,0.395,,,,,,0.374,,,,,0,0.4235,0.426,0.401333333,0.395,0.374
06-11,,,,0.411,0.436,,,,,0.46,0.393,,,0.432,0.329,,,0.443,,0.395,,,,,,0.375,,,,,0,0.4235,0.4265,0.401333333,0.395,0.375
06-12,,,,0.412,0.436,,,,,0.461,0.393,,,0.432,0.329,,,0.443,,0.395,,,,,,0.375,,,,,0,0.424,0.427,0.401333333,0.395,0.375
06-13,,,,0.411,0.436,,,,,0.46,0.393,,,0.432,0.329,,,0.443,,0.395,,,,,,0.375,,,,,0,0.4235,0.4265,0.401333333,0.395,0.375
06-14,,,,0.41,0.436,,,,,0.46,0.393,,,0.433,0.329,,,0.443,,0.395,,,,,,0.375,,,,,0,0.423,0.4265,0.401666667,0.395,0.375
06-15,,,,0.411,0.436,,,,,0.46,0.393,,,0.433,0.329,,,0.444,,0.395,,,,,,0.375,,,,,0,0.4235,0.4265,0.402,0.395,0.375
06-16,,,,0.41,0.436,,,,,0.461,0.393,,,0.433,0.329,,,0.443,,0.394,,,,,,0.375,,,,,0,0.423,0.427,0.401666667,0.394,0.375
06-17,,,,0.408,0.436,,,,,0.46,0.393,,,0.432,0.328,,,0.444,,0.394,,,,,,0.375,,,,,0,0.422,0.4265,0.401333333,0.394,0.375
06-18,,,,0.407,0.435,,,,,0.459,0.393,,,0.432,0.328,,,0.443,,0.395,,,,,,0.374,,,,,0,0.421,0.426,0.401,0.395,0.374
06-19,,,,0.407,0.435,,,,,0.458,0.392,,,0.431,0.328,,,0.443,,0.395,,,,,,0.374,,,,,0,0.421,0.425,0.400666667,0.395,0.374
06-20,,,,0.404,0.435,,,,,0.458,0.392,,,0.432,0.327,,,0.442,,0.395,,,,,,0.374,,,,,0,0.4195,0.425,0.400333333,0.395,0.374
06-21,,,,0.404,0.434,,,,,0.457,0.392,,,0.431,0.327,,,0.442,,0.395,,,,,,0.374,,,,,0,0.419,0.4245,0.4,0.395,0.374
06-22,,,,0.404,0.434,,,,,0.454,0.392,,,0.431,0.327,,,0.442,,0.394,,,,,,0.374,,,,,0,0.419,0.423,0.4,0.394,0.374
06-23,,,,0.404,0.434,,,,,0.451,0.392,,,0.431,0.326,,,0.442,,0.394,,,,,,0.374,,,,,0,0.419,0.4215,0.399666667,0.394,0.374
07-00,,,,0.404,0.434,,,,,0.451,0.392,,,0.432,0.326,,,0.441,,0.394,,,,,,0.374,,,,,0,0.419,0.4215,0.399666667,0.394,0.374
07-01,,,,0.405,0.434,,,,,0.451,0.392,,,0.43,0.326,,,0.44,,0.395,,,,,,0.375,,,,,0,0.4195,0.4215,0.398666667,0.395,0.375
07-02,,,,0.404,0.435,,,,,0.452,0.392,,,0.431,0.326,,,0.44,,0.394,,,,,,0.374,,,,,0,0.4195,0.422,0.399,0.394,0.374
07-03,,,,0.404,0.435,,,,,0.451,0.392,,,0.43,0.326,,,0.44,,0.394,,,,,,0.374,,,,,0,0.4195,0.4215,0.398666667,0.394,0.374
07-04,,,,0.405,0.435,,,,,0.452,0.392,,,0.43,0.326,,,0.44,,0.394,,,,,,0.374,,,,,0,0.42,0.422,0.398666667,0.394,0.374
07-05,,,,0.404,0.435,,,,,0.452,0.392,,,0.431,0.326,,,0.439,,0.394,,,,,,0.375,,,,,0,0.4195,0.422,0.398666667,0.394,0.375
07-06,,,,0.406,0.435,,,,,0.452,0.391,,,0.432,0.326,,,0.439,,0.394,,,,,,0.374,,,,,0,0.4205,0.4215,0.399,0.394,0.374
07-07,,,,0.406,0.435,,,,,0.453,0.391,,,0.431,0.326,,,0.44,,0.394,,,,,,0.374,,,,,0,0.4205,0.422,0.399,0.394,0.374
07-08,,,,0.407,0.435,,,,,0.453,0.392,,,0.431,0.326,,,0.439,,0.394,,,,,,0.374,,,,,0,0.421,0.4225,0.398666667,0.394,0.374
07-09,,,,0.406,0.435,,,,,0.452,0.391,,,0.43,0.326,,,0.44,,0.394,,,,,,0.374,,,,,0,0.4205,0.4215,0.398666667,0.394,0.374
07-10,,,,0.406,0.435,,,,,0.452,0.392,,,0.43,0.326,,,0.439,,0.394,,,,,,0.374,,,,,0,0.4205,0.422,0.398333333,0.394,0.374
07-11,,,,0.406,0.435,,,,,0.452,0.393,,,0.429,0.326,,,0.439,,0.394,,,,,,0.374,,,,,0,0.4205,0.4225,0.398,0.394,0.374
07-12,,,,0.405,0.435,,,,,0.453,0.393,,,0.43,0.326,,,0.438,,0.394,,,,,,0.374,,,,,0.3,0.42,0.423,0.398,0.394,0.374
07-13,,,,0.407,0.435,,,,,0.453,0.393,,,0.429,0.326,,,0.439,,0.394,,,,,,0.374,,,,,0,0.421,0.423,0.398,0.394,0.374
07-14,,,,0.425,0.436,,,,,0.458,0.394,,,0.429,0.327,,,0.439,,0.394,,,,,,0.374,,,,,18.2,0.4305,0.426,0.398333333,0.394,0.374
07-15,,,,0.465,0.437,,,,,0.467,0.394,,,0.433,0.328,,,0.441,,0.395,,,,,,0.375,,,,,2.6,0.451,0.4305,0.400666667,0.395,0.375
07-16,,,,0.465,0.437,,,,,0.468,0.395,,,0.434,0.328,,,0.441,,0.395,,,,,,0.375,,,,,2.6,0.451,0.4315,0.401,0.395,0.375
07-17,,,,0.466,0.437,,,,,0.467,0.395,,,0.433,0.328,,,0.441,,0.395,,,,,,0.374,,,,,0,0.4515,0.431,0.400666667,0.395,0.374
07-18,,,,0.465,0.438,,,,,0.467,0.395,,,0.432,0.328,,,0.441,,0.394,,,,,,0.374,,,,,0,0.4515,0.431,0.400333333,0.394,0.374
07-19,,,,0.464,0.437,,,,,0.467,0.395,,,0.433,0.329,,,0.44,,0.394,,,,,,0.374,,,,,0,0.4505,0.431,0.400666667,0.394,0.374
07-20,,,,0.461,0.437,,,,,0.467,0.394,,,0.433,0.329,,,0.44,,0.394,,,,,,0.374,,,,,0,0.449,0.4305,0.400666667,0.394,0.374
07-21,,,,0.46,0.436,,,,,0.466,0.394,,,0.432,0.329,,,0.44,,0.394,,,,,,0.374,,,,,0,0.448,0.43,0.400333333,0.394,0.374
07-22,,,,0.46,0.437,,,,,0.466,0.394,,,0.43,0.328,,,0.44,,0.394,,,,,,0.374,,,,,0,0.4485,0.43,0.399333333,0.394,0.374
07-23,,,,0.461,0.436,,,,,0.465,0.394,,,0.43,0.328,,,0.439,,0.394,,,,,,0.374,,,,,0,0.4485,0.4295,0.399,0.394,0.374
08-00,,,,0.456,0.437,,,,,0.464,0.394,,,0.431,0.328,,,0.439,,0.394,,,,,,0.374,,,,,0,0.4465,0.429,0.399333333,0.394,0.374
08-01,,,,0.451,0.436,,,,,0.464,0.394,,,0.43,0.329,,,0.438,,0.394,,,,,,0.374,,,,,0,0.4435,0.429,0.399,0.394,0.374
08-02,,,,0.452,0.436,,,,,0.465,0.394,,,0.43,0.329,,,0.438,,0.393,,,,,,0.374,,,,,0,0.444,0.4295,0.399,0.393,0.374
08-03,,,,0.453,0.437,,,,,0.466,0.394,,,0.429,0.328,,,0.438,,0.394,,,,,,0.374,,,,,0,0.445,0.43,0.398333333,0.394,0.374
08-04,,,,0.455,0.438,,,,,0.466,0.395,,,0.429,0.329,,,0.438,,0.393,,,,,,0.374,,,,,0,0.4465,0.4305,0.398666667,0.393,0.374
08-05,,,,0.454,0.438,,,,,0.466,0.396,,,0.429,0.328,,,0.438,,0.393,,,,,,0.374,,,,,0,0.446,0.431,0.398333333,0.393,0.374
08-06,,,,0.455,0.438,,,,,0.466,0.396,,,0.429,0.328,,,0.438,,0.394,,,,,,0.374,,,,,0,0.4465,0.431,0.398333333,0.394,0.374
08-07,,,,0.456,0.438,,,,,0.467,0.396,,,0.429,0.328,,,0.439,,0.393,,,,,,0.374,,,,,0,0.447,0.4315,0.398666667,0.393,0.374
08-08,,,,0.456,0.439,,,,,0.467,0.397,,,0.43,0.329,,,0.438,,0.394,,,,,,0.374,,,,,0,0.4475,0.432,0.399,0.394,0.374
08-09,,,,0.457,0.439,,,,,0.469,0.397,,,0.43,0.329,,,0.439,,0.394,,,,,,0.374,,,,,0,0.448,0.433,0.399333333,0.394,0.374
08-10,,,,0.457,0.439,,,,,0.47,0.397,,,0.429,0.33,,,0.439,,0.393,,,,,,0.374,,,,,0,0.448,0.4335,0.399333333,0.393,0.374
08-11,,,,0.456,0.439,,,,,0.47,0.397,,,0.428,0.329,,,0.44,,0.393,,,,,,0.374,,,,,0,0.4475,0.4335,0.399,0.393,0.374
08-12,,,,0.454,0.439,,,,,0.47,0.397,,,0.429,0.329,,,0.439,,0.393,,,,,,0.374,,,,,0,0.4465,0.4335,0.399,0.393,0.374
08-13,,,,0.454,0.439,,,,,0.47,0.398,,,0.429,0.331,,,0.439,,0.393,,,,,,0.374,,,,,0,0.4465,0.434,0.399666667,0.393,0.374
08-14,,,,0.454,0.439,,,,,0.471,0.399,,,0.429,0.33,,,0.439,,0.393,,,,,,0.374,,,,,0,0.4465,0.435,0.399333333,0.393,0.374
08-15,,,,0.453,0.439,,,,,0.471,0.399,,,0.43,0.33,,,0.439,,0.394,,,,,,0.374,,,,,0,0.446,0.435,0.399666667,0.394,0.374
08-16,,,,0.451,0.439,,,,,0.47,0.399,,,0.43,0.33,,,0.44,,0.393,,,,,,0.374,,,,,0,0.445,0.4345,0.4,0.393,0.374
08-17,,,,0.448,0.439,,,,,0.47,0.398,,,0.429,0.331,,,0.44,,0.393,,,,,,0.374,,,,,0,0.4435,0.434,0.4,0.393,0.374
08-18,,,,0.446,0.438,,,,,0.47,0.397,,,0.43,0.33,,,0.441,,0.394,,,,,,0.374,,,,,0,0.442,0.4335,0.400333333,0.394,0.374
08-19,,,,0.441,0.437,,,,,0.467,0.397,,,0.429,0.329,,,0.439,,0.394,,,,,,0.374,,,,,0,0.439,0.432,0.399,0.394,0.374
08-20,,,,0.439,0.437,,,,,0.465,0.396,,,0.427,0.33,,,0.439,,0.394,,,,,,0.374,,,,,0,0.438,0.4305,0.398666667,0.394,0.374
08-21,,,,0.437,0.437,,,,,0.459,0.396,,,0.427,0.328,,,0.438,,0.394,,,,,,0.374,,,,,0,0.437,0.4275,0.397666667,0.394,0.374
08-22,,,,0.435,0.436,,,,,0.459,0.394,,,0.425,0.329,,,0.439,,0.394,,,,,,0.374,,,,,0,0.4355,0.4265,0.397666667,0.394,0.374
08-23,,,,0.436,0.436,,,,,0.457,0.394,,,0.426,0.328,,,0.437,,0.395,,,,,,0.374,,,,,0,0.436,0.4255,0.397,0.395,0.374
09-00,,,,0.437,0.436,,,,,0.457,0.394,,,0.427,0.328,,,0.437,,0.394,,,,,,0.374,,,,,0,0.4365,0.4255,0.397333333,0.394,0.374
09-01,,,,0.436,0.436,,,,,0.458,0.394,,,0.428,0.328,,,0.437,,0.394,,,,,,0.373,,,,,0,0.436,0.426,0.397666667,0.394,0.373
09-02,,,,0.435,0.436,,,,,0.459,0.394,,,0.427,0.328,,,0.436,,0.394,,,,,,0.374,,,,,0,0.4355,0.4265,0.397,0.394,0.374
09-03,,,,0.436,0.437,,,,,0.459,0.395,,,0.427,0.328,,,0.435,,0.394,,,,,,0.374,,,,,0,0.4365,0.427,0.396666667,0.394,0.374
09-04,,,,0.438,0.437,,,,,0.459,0.396,,,0.426,0.328,,,0.436,,0.393,,,,,,0.373,,,,,0,0.4375,0.4275,0.396666667,0.393,0.373
09-05,,,,0.439,0.437,,,,,0.459,0.396,,,0.426,0.328,,,0.436,,0.394,,,,,,0.373,,,,,0,0.438,0.4275,0.396666667,0.394,0.373
09-06,,,,0.439,0.437,,,,,0.459,0.396,,,0.425,0.327,,,0.436,,0.393,,,,,,0.374,,,,,0,0.438,0.4275,0.396,0.393,0.374
09-07,,,,0.44,0.437,,,,,0.46,0.396,,,0.424,0.328,,,0.435,,0.393,,,,,,0.374,,,,,0,0.4385,0.428,0.395666667,0.393,0.374
09-08,,,,0.436,0.437,,,,,0.46,0.396,,,0.423,0.329,,,0.435,,0.393,,,,,,0.374,,,,,0,0.4365,0.428,0.395666667,0.393,0.374
09-09,,,,0.435,0.437,,,,,0.46,0.398,,,0.424,0.329,,,0.435,,0.393,,,,,,0.373,,,,,0,0.436,0.429,0.396,0.393,0.373
09-10,,,,0.435,0.437,,,,,0.46,0.398,,,0.424,0.328,,,0.435,,0.393,,,,,,0.373,,,,,0,0.436,0.429,0.395666667,0.393,0.373
09-11,,,,0.435,0.438,,,,,0.461,0.398,,,0.425,0.328,,,0.435,,0.393,,,,,,0.374,,,,,0,0.4365,0.4295,0.396,0.393,0.374
09-12,,,,0.436,0.437,,,,,0.461,0.398,,,0.424,0.328,,,0.435,,0.393,,,,,,0.373,,,,,0,0.4365,0.4295,0.395666667,0.393,0.373
09-13,,,,0.435,0.438,,,,,0.462,0.398,,,0.425,0.33,,,0.436,,0.392,,,,,,0.374,,,,,0,0.4365,0.43,0.397,0.392,0.374
09-14,,,,0.436,0.438,,,,,0.462,0.399,,,0.425,0.329,,,0.435,,0.393,,,,,,0.373,,,,,0,0.437,0.4305,0.396333333,0.393,0.373
09-15,,,,0.435,0.438,,,,,0.463,0.399,,,0.425,0.329,,,0.435,,0.393,,,,,,0.373,,,,,0,0.4365,0.431,0.396333333,0.393,0.373
09-16,,,,0.434,0.438,,,,,0.462,0.399,,,0.424,0.329,,,0.435,,0.393,,,,,,0.373,,,,,0,0.436,0.4305,0.396,0.393,0.373
09-17,,,,0.43,0.437,,,,,0.461,0.398,,,0.425,0.329,,,0.436,,0.392,,,,,,0.373,,,,,0,0.4335,0.4295,0.396666667,0.392,0.373
09-18,,,,0.429,0.437,,,,,0.46,0.398,,,0.424,0.329,,,0.436,,0.393,,,,,,0.373,,,,,0,0.433,0.429,0.396333333,0.393,0.373
09-19,,,,0.426,0.436,,,,,0.459,0.398,,,0.424,0.328,,,0.436,,0.393,,,,,,0.373,,,,,0,0.431,0.4285,0.396,0.393,0.373
09-20,,,,0.424,0.436,,,,,0.458,0.397,,,0.424,0.328,,,0.436,,0.393,,,,,,0.373,,,,,0,0.43,0.4275,0.396,0.393,0.373
09-21,,,,0.423,0.436,,,,,0.457,0.397,,,0.424,0.328,,,0.435,,0.393,,,,,,0.373,,,,,0,0.4295,0.427,0.395666667,0.393,0.373
09-22,,,,0.422,0.435,,,,,0.455,0.395,,,0.423,0.327,,,0.434,,0.393,,,,,,0.372,,,,,0,0.4285,0.425,0.394666667,0.393,0.372
09-23,,,,0.421,0.435,,,,,0.454,0.395,,,0.423,0.326,,,0.434,,0.393,,,,,,0.373,,,,,0,0.428,0.4245,0.394333333,0.393,0.373
10-00,,,,0.423,0.435,,,,,0.454,0.395,,,0.422,0.326,,,0.433,,0.392,,,,,,0.373,,,,,0,0.429,0.4245,0.393666667,0.392,0.373
10-01,,,,0.423,0.435,,,,,0.454,0.395,,,0.422,0.326,,,0.433,,0.392,,,,,,0.373,,,,,0,0.429,0.4245,0.393666667,0.392,0.373
10-02,,,,0.424,0.436,,,,,0.454,0.395,,,0.421,0.326,,,0.432,,0.392,,,,,,0.373,,,,,0,0.43,0.4245,0.393,0.392,0.373
10-03,,,,0.425,0.436,,,,,0.454,0.395,,,0.421,0.326,,,0.432,,0.392,,,,,,0.373,,,,,0,0.4305,0.4245,0.393,0.392,0.373
10-04,,,,0.426,0.436,,,,,0.455,0.396,,,0.421,0.326,,,0.433,,0.392,,,,,,0.373,,,,,0,0.431,0.4255,0.393333333,0.392,0.373
10-05,,,,0.427,0.436,,,,,0.456,0.397,,,0.421,0.326,,,0.433,,0.392,,,,,,0.373,,,,,0,0.4315,0.4265,0.393333333,0.392,0.373
10-06,,,,0.427,0.436,,,,,0.456,0.397,,,0.422,0.326,,,0.432,,0.392,,,,,,0.373,,,,,0,0.4315,0.4265,0.393333333,0.392,0.373
10-07,,,,0.427,0.436,,,,,0.457,0.397,,,0.421,0.326,,,0.432,,0.392,,,,,,0.373,,,,,0,0.4315,0.427,0.393,0.392,0.373
10-08,,,,0.428,0.436,,,,,0.457,0.397,,,0.422,0.326,,,0.432,,0.392,,,,,,0.373,,,,,0,0.432,0.427,0.393333333,0.392,0.373
10-09,,,,0.428,0.436,,,,,0.457,0.397,,,0.421,0.326,,,0.432,,0.392,,,,,,0.373,,,,,0,0.432,0.427,0.393,0.392,0.373
10-10,,,,0.43,0.437,,,,,0.457,0.397,,,0.42,0.326,,,0.432,,0.391,,,,,,0.373,,,,,0,0.4335,0.427,0.392666667,0.391,0.373
10-11,,,,0.43,0.437,,,,,0.457,0.398,,,0.421,0.326,,,0.432,,0.391,,,,,,0.372,,,,,0,0.4335,0.4275,0.393,0.391,0.372
10-12,,,,0.429,0.437,,,,,0.458,0.398,,,0.42,0.327,,,0.432,,0.391,,,,,,0.372,,,,,0,0.433,0.428,0.393,0.391,0.372
10-13,,,,0.43,0.438,,,,,0.458,0.398,,,0.421,0.327,,,0.433,,0.392,,,,,,0.373,,,,,0,0.434,0.428,0.393666667,0.392,0.373
10-14,,,,0.429,0.437,,,,,0.458,0.398,,,0.419,0.327,,,0.432,,0.392,,,,,,0.373,,,,,0,0.433,0.428,0.392666667,0.392,0.373
10-15,,,,0.429,0.437,,,,,0.458,0.398,,,0.42,0.327,,,0.432,,0.391,,,,,,0.372,,,,,0,0.433,0.428,0.393,0.391,0.372
10-16,,,,0.426,0.437,,,,,0.458,0.398,,,0.419,0.327,,,0.432,,0.392,,,,,,0.372,,,,,0,0.4315,0.428,0.392666667,0.392,0.372
10-17,,,,0.425,0.436,,,,,0.457,0.398,,,0.42,0.326,,,0.432,,0.391,,,,,,0.372,,,,,0,0.4305,0.4275,0.392666667,0.391,0.372
10-18,,,,0.423,0.436,,,,,0.457,0.397,,,0.419,0.326,,,0.432,,0.392,,,,,,0.372,,,,,0,0.4295,0.427,0.392333333,0.392,0.372
10-19,,,,0.421,0.435,,,,,0.457,0.397,,,0.418,0.326,,,0.432,,0.392,,,,,,0.372,,,,,0,0.428,0.427,0.392,0.392,0.372
10-20,,,,0.42,0.434,,,,,0.455,0.396,,,0.417,0.325,,,0.432,,0.391,,,,,,0.372,,,,,0,0.427,0.4255,0.391333333,0.391,0.372
10-21,,,,0.419,0.435,,,,,0.455,0.395,,,0.414,0.325,,,0.432,,0.391,,,,,,0.372,,,,,0,0.427,0.425,0.390333333,0.391,0.372
10-22,,,,0.419,0.435,,,,,0.454,0.396,,,0.411,0.325,,,0.431,,0.391,,,,,,0.372,,,,,0,0.427,0.425,0.389,0.391,0.372
10-23,,,,0.42,0.435,,,,,0.454,0.396,,,0.408,0.324,,,0.43,,0.391,,,,,,0.372,,,,,0,0.4275,0.425,0.387333333,0.391,0.372
11-00,,,,0.42,0.434,,,,,0.454,0.396,,,0.404,0.324,,,0.43,,0.391,,,,,,0.372,,,,,0,0.427,0.425,0.386,0.391,0.372
11-01,,,,0.421,0.435,,,,,0.454,0.396,,,0.403,0.324,,,0.43,,0.391,,,,,,0.372,,,,,0,0.428,0.425,0.385666667,0.391,0.372
11-02,,,,0.422,0.435,,,,,0.454,0.395,,,0.404,0.324,,,0.43,,0.391,,,,,,0.372,,,,,0,0.4285,0.4245,0.386,0.391,0.372
11-03,,,,0.422,0.435,,,,,0.455,0.395,,,0.403,0.324,,,0.43,,0.391,,,,,,0.372,,,,,0,0.4285,0.425,0.385666667,0.391,0.372
11-04,,,,0.423,0.435,,,,,0.455,0.395,,,0.402,0.324,,,0.43,,0.391,,,,,,0.372,,,,,0,0.429,0.425,0.385333333,0.391,0.372
11-05,,,,0.424,0.436,,,,,0.455,0.396,,,0.402,0.324,,,0.429,,0.391,,,,,,0.372,,,,,0,0.43,0.4255,0.385,0.391,0.372
11-06,,,,0.423,0.436,,,,,0.456,0.397,,,0.403,0.324,,,0.429,,0.391,,,,,,0.372,,,,,0,0.4295,0.4265,0.385333333,0.391,0.372
11-07,,,,0.424,0.436,,,,,0.456,0.397,,,0.406,0.324,,,0.429,,0.391,,,,,,0.372,,,,,0,0.43,0.4265,0.386333333,0.391,0.372
11-08,,,,0.426,0.436,,,,,0.456,0.397,,,0.407,0.325,,,0.43,,0.39,,,,,,0.372,,,,,0,0.431,0.4265,0.387333333,0.39,0.372
11-09,,,,0.423,0.436,,,,,0.456,0.397,,,0.407,0.325,,,0.43,,0.391,,,,,,0.372,,,,,0,0.4295,0.4265,0.387333333,0.391,0.372
11-10,,,,0.425,0.436,,,,,0.456,0.397,,,0.408,0.325,,,0.43,,0.39,,,,,,0.371,,,,,0,0.4305,0.4265,0.387666667,0.39,0.371
11-11,,,,0.425,0.436,,,,,0.456,0.397,,,0.406,0.325,,,0.43,,0.391,,,,,,0.372,,,,,0,0.4305,0.4265,0.387,0.391,0.372
11-12,,,,0.424,0.436,,,,,0.456,0.397,,,0.404,0.325,,,0.43,,0.391,,,,,,0.372,,,,,0,0.43,0.4265,0.386333333,0.391,0.372
11-13,,,,0.423,0.436,,,,,0.457,0.398,,,0.405,0.325,,,0.43,,0.391,,,,,,0.371,,,,,0,0.4295,0.4275,0.386666667,0.391,0.371
11-14,,,,0.424,0.436,,,,,0.456,0.399,,,0.404,0.325,,,0.43,,0.391,,,,,,0.371,,,,,0,0.43,0.4275,0.386333333,0.391,0.371
11-15,,,,0.423,0.436,,,,,0.456,0.399,,,0.403,0.325,,,0.43,,0.39,,,,,,0.371,,,,,0,0.4295,0.4275,0.386,0.39,0.371
11-16,,,,0.423,0.436,,,,,0.456,0.399,,,0.404,0.325,,,0.43,,0.39,,,,,,0.371,,,,,0,0.4295,0.4275,0.386333333,0.39,0.371
11-17,,,,0.422,0.436,,,,,0.456,0.399,,,0.406,0.325,,,0.43,,0.39,,,,,,0.371,,,,,0,0.429,0.4275,0.387,0.39,0.371
11-18,,,,0.421,0.436,,,,,0.455,0.399,,,0.405,0.325,,,0.429,,0.391,,,,,,0.371,,,,,0,0.4285,0.427,0.386333333,0.391,0.371
11-19,,,,0.421,0.436,,,,,0.455,0.397,,,0.403,0.324,,,0.429,,0.39,,,,,,0.371,,,,,0,0.4285,0.426,0.385333333,0.39,0.371
11-20,,,,0.419,0.435,,,,,0.455,0.397,,,0.407,0.324,,,0.429,,0.391,,,,,,0.371,,,,,0,0.427,0.426,0.386666667,0.391,0.371
11-21,,,,0.418,0.435,,,,,0.454,0.397,,,0.407,0.324,,,0.429,,0.391,,,,,,0.371,,,,,0,0.4265,0.4255,0.386666667,0.391,0.371
11-22,,,,0.417,0.435,,,,,0.453,0.397,,,0.404,0.323,,,0.429,,0.39,,,,,,0.371,,,,,0,0.426,0.425,0.385333333,0.39,0.371
11-23,,,,0.417,0.435,,,,,0.453,0.397,,,0.405,0.323,,,0.429,,0.39,,,,,,0.371,,,,,0,0.426,0.425,0.385666667,0.39,0.371
12-00,,,,0.417,0.435,,,,,0.452,0.397,,,0.403,0.323,,,0.429,,0.391,,,,,,0.371,,,,,0,0.426,0.4245,0.385,0.391,0.371
12-01,,,,0.418,0.435,,,,,0.453,0.397,,,0.401,0.323,,,0.428,,0.391,,,,,,0.371,,,,,0,0.4265,0.425,0.384,0.391,0.371
12-02,,,,0.416,0.435,,,,,0.453,0.397,,,0.408,0.323,,,0.428,,0.39,,,,,,0.371,,,,,0,0.4255,0.425,0.386333333,0.39,0.371
12-03,,,,0.416,0.435,,,,,0.454,0.397,,,0.405,0.323,,,0.428,,0.39,,,,,,0.371,,,,,0,0.4255,0.4255,0.385333333,0.39,0.371
12-04,,,,0.418,0.435,,,,,0.453,0.397,,,0.402,0.323,,,0.427,,0.391,,,,,,0.371,,,,,0,0.4265,0.425,0.384,0.391,0.371
12-05,,,,0.418,0.436,,,,,0.454,0.399,,,0.401,0.323,,,0.427,,0.39,,,,,,0.371,,,,,0,0.427,0.4265,0.383666667,0.39,0.371
12-06,,,,0.419,0.436,,,,,0.454,0.399,,,0.401,0.323,,,0.427,,0.39,,,,,,0.371,,,,,0,0.4275,0.4265,0.383666667,0.39,0.371
12-07,,,,0.419,0.436,,,,,0.454,0.398,,,0.401,0.324,,,0.427,,0.391,,,,,,0.371,,,,,0,0.4275,0.426,0.384,0.391,0.371
12-08,,,,0.42,0.436,,,,,0.454,0.398,,,0.403,0.324,,,0.427,,0.39,,,,,,0.371,,,,,0,0.428,0.426,0.384666667,0.39,0.371
12-09,,,,0.419,0.436,,,,,0.455,0.398,,,0.403,0.324,,,0.427,,0.39,,,,,,0.371,,,,,0,0.4275,0.4265,0.384666667,0.39,0.371
12-10,,,,0.42,0.436,,,,,0.454,0.398,,,0.402,0.324,,,0.428,,0.39,,,,,,0.371,,,,,0,0.428,0.426,0.384666667,0.39,0.371
12-11,,,,0.419,0.436,,,,,0.454,0.398,,,0.403,0.324,,,0.428,,0.39,,,,,,0.371,,,,,0,0.4275,0.426,0.385,0.39,0.371
12-12,,,,0.419,0.436,,,,,0.454,0.398,,,0.402,0.324,,,0.428,,0.39,,,,,,0.371,,,,,0,0.4275,0.426,0.384666667,0.39,0.371
12-13,,,,0.419,0.436,,,,,0.455,0.399,,,0.406,0.324,,,0.428,,0.39,,,,,,0.371,,,,,1.2,0.4275,0.427,0.386,0.39,0.371
12-14,,,,0.421,0.436,,,,,0.455,0.399,,,0.406,0.325,,,0.428,,0.39,,,,,,0.371,,,,,0,0.4285,0.427,0.386333333,0.39,0.371
12-15,,,,0.42,0.436,,,,,0.455,0.399,,,0.404,0.325,,,0.428,,0.391,,,,,,0.371,,,,,0,0.428,0.427,0.385666667,0.391,0.371
12-16,,,,0.42,0.436,,,,,0.455,0.399,,,0.401,0.325,,,0.428,,0.39,,,,,,0.371,,,,,0,0.428,0.427,0.384666667,0.39,0.371
12-17,,,,0.419,0.436,,,,,0.455,0.399,,,0.403,0.325,,,0.428,,0.391,,,,,,0.371,,,,,0,0.4275,0.427,0.385333333,0.391,0.371
12-18,,,,0.418,0.436,,,,,0.454,0.399,,,0.403,0.324,,,0.428,,0.391,,,,,,0.371,,,,,0,0.427,0.4265,0.385,0.391,0.371
12-19,,,,0.417,0.436,,,,,0.454,0.399,,,0.408,0.324,,,0.428,,0.39,,,,,,0.371,,,,,0,0.4265,0.4265,0.386666667,0.39,0.371
12-20,,,,0.416,0.436,,,,,0.454,0.4,,,0.402,0.324,,,0.427,,0.39,,,,,,0.37,,,,,0,0.426,0.427,0.384333333,0.39,0.37
12-21,,,,0.416,0.436,,,,,0.455,0.398,,,0.402,0.324,,,0.427,,0.39,,,,,,0.37,,,,,0,0.426,0.4265,0.384333333,0.39,0.37
12-22,,,,0.416,0.436,,,,,0.454,0.398,,,0.4,0.323,,,0.427,,0.39,,,,,,0.37,,,,,0,0.426,0.426,0.383333333,0.39,0.37
12-23,,,,0.416,0.436,,,,,0.454,0.398,,,0.402,0.323,,,0.427,,0.39,,,,,,0.37,,,,,0,0.426,0.426,0.384,0.39,0.37
13-00,,,,0.416,0.436,,,,,0.453,0.398,,,0.401,0.323,,,0.427,,0.39,,,,,,0.37,,,,,0,0.426,0.4255,0.383666667,0.39,0.37
13-01,,,,0.416,0.436,,,,,0.453,0.398,,,0.403,0.322,,,0.427,,0.391,,,,,,0.37,,,,,0,0.426,0.4255,0.384,0.391,0.37
13-02,,,,0.416,0.436,,,,,0.454,0.398,,,0.401,0.323,,,0.427,,0.39,,,,,,0.37,,,,,0,0.426,0.426,0.383666667,0.39,0.37
13-03,,,,0.416,0.436,,,,,0.453,0.399,,,0.402,0.323,,,0.426,,0.39,,,,,,0.37,,,,,0,0.426,0.426,0.383666667,0.39,0.37
13-04,,,,0.418,0.436,,,,,0.454,0.4,,,0.4,0.323,,,0.427,,0.39,,,,,,0.37,,,,,0,0.427,0.427,0.383333333,0.39,0.37
13-05,,,,0.418,0.436,,,,,0.453,0.399,,,0.401,0.323,,,0.426,,0.39,,,,,,0.37,,,,,0,0.427,0.426,0.383333333,0.39,0.37
13-06,,,,0.417,0.436,,,,,0.453,0.4,,,0.4,0.323,,,0.426,,0.39,,,,,,0.37,,,,,0,0.4265,0.4265,0.383,0.39,0.37
13-07,,,,0.417,0.436,,,,,0.454,0.4,,,0.4,0.323,,,0.427,,0.39,,,,,,0.37,,,,,0,0.4265,0.427,0.383333333,0.39,0.37
13-08,,,,0.417,0.436,,,,,0.454,0.4,,,0.399,0.323,,,0.427,,0.39,,,,,,0.369,,,,,0,0.4265,0.427,0.383,0.39,0.369
13-09,,,,0.417,0.436,,,,,0.455,0.4,,,0.4,0.323,,,0.426,,0.389,,,,,,0.37,,,,,0,0.4265,0.4275,0.383,0.389,0.37
13-10,,,,0.416,0.436,,,,,0.454,0.4,,,0.4,0.323,,,0.426,,0.39,,,,,,0.37,,,,,0,0.426,0.427,0.383,0.39,0.37
13-11,,,,0.416,0.436,,,,,0.454,0.4,,,0.401,0.323,,,0.426,,0.39,,,,,,0.369,,,,,0,0.426,0.427,0.383333333,0.39,0.369
13-12,,,,0.416,0.436,,,,,0.454,0.4,,,0.402,0.323,,,0.427,,0.389,,,,,,0.37,,,,,0,0.426,0.427,0.384,0.389,0.37
13-13,,,,0.417,0.436,,,,,0.454,0.399,,,0.402,0.323,,,0.426,,0.39,,,,,,0.369,,,,,0,0.4265,0.4265,0.383666667,0.39,0.369
13-14,,,,0.416,0.436,,,,,0.454,0.399,,,0.403,0.323,,,0.426,,0.389,,,,,,0.369,,,,,0,0.426,0.4265,0.384,0.389,0.369
13-15,,,,0.416,0.436,,,,,0.454,0.4,,,0.402,0.323,,,0.426,,0.389,,,,,,0.369,,,,,0,0.426,0.427,0.383666667,0.389,0.369
13-16,,,,0.414,0.436,,,,,0.453,0.4,,,0.402,0.323,,,0.426,,0.389,,,,,,0.37,,,,,0,0.425,0.4265,0.383666667,0.389,0.37
13-17,,,,0.413,0.435,,,,,0.453,0.4,,,0.399,0.322,,,0.426,,0.389,,,,,,0.369,,,,,0,0.424,0.4265,0.382333333,0.389,0.369
13-18,,,,0.412,0.435,,,,,0.452,0.399,,,0.401,0.322,,,0.426,,0.389,,,,,,0.37,,,,,0,0.4235,0.4255,0.383,0.389,0.37
13-19,,,,0.411,0.435,,,,,0.451,0.398,,,0.4,0.322,,,0.426,,0.39,,,,,,0.369,,,,,0,0.423,0.4245,0.382666667,0.39,0.369
13-20,,,,0.41,0.435,,,,,0.451,0.398,,,0.398,0.322,,,0.425,,0.389,,,,,,0.369,,,,,0,0.4225,0.4245,0.381666667,0.389,0.369
13-21,,,,0.409,0.434,,,,,0.45,0.398,,,0.397,0.321,,,0.425,,0.389,,,,,,0.369,,,,,0,0.4215,0.424,0.381,0.389,0.369
13-22,,,,0.409,0.434,,,,,0.449,0.398,,,0.397,0.321,,,0.425,,0.389,,,,,,0.369,,,,,0,0.4215,0.4235,0.381,0.389,0.369
13-23,,,,0.41,0.434,,,,,0.449,0.398,,,0.397,0.321,,,0.424,,0.389,,,,,,0.369,,,,,0,0.422,0.4235,0.380666667,0.389,0.369
14-00,,,,0.41,0.434,,,,,0.45,0.398,,,0.397,0.321,,,0.423,,0.39,,,,,,0.369,,,,,0,0.422,0.424,0.380333333,0.39,0.369
14-01,,,,0.411,0.434,,,,,0.45,0.398,,,0.397,0.321,,,0.424,,0.389,,,,,,0.369,,,,,0,0.4225,0.424,0.380666667,0.389,0.369
14-02,,,,0.411,0.435,,,,,0.45,0.399,,,0.397,0.322,,,0.423,,0.389,,,,,,0.369,,,,,0,0.423,0.4245,0.380666667,0.389,0.369
14-03,,,,0.412,0.434,,,,,0.45,0.399,,,0.397,0.322,,,0.423,,0.39,,,,,,0.368,,,,,0,0.423,0.4245,0.380666667,0.39,0.368
14-04,,,,0.412,0.434,,,,,0.452,0.399,,,0.397,0.322,,,0.423,,0.39,,,,,,0.369,,,,,0,0.423,0.4255,0.380666667,0.39,0.369
14-05,,,,0.413,0.434,,,,,0.452,0.399,,,0.396,0.323,,,0.424,,0.389,,,,,,0.369,,,,,0,0.4235,0.4255,0.381,0.389,0.369
14-06,,,,0.414,0.435,,,,,0.451,0.4,,,0.397,0.323,,,0.424,,0.389,,,,,,0.369,,,,,0,0.4245,0.4255,0.381333333,0.389,0.369
14-07,,,,0.413,0.436,,,,,0.452,0.4,,,0.397,0.323,,,0.424,,0.389,,,,,,0.369,,,,,0,0.4245,0.426,0.381333333,0.389,0.369
14-08,,,,0.414,0.436,,,,,0.453,0.4,,,0.398,0.323,,,0.423,,0.389,,,,,,0.369,,,,,0,0.425,0.4265,0.381333333,0.389,0.369
14-09,,,,0.415,0.436,,,,,0.453,0.401,,,0.398,0.324,,,0.424,,0.39,,,,,,0.369,,,,,0,0.4255,0.427,0.382,0.39,0.369
14-10,,,,0.415,0.436,,,,,0.455,0.402,,,0.398,0.324,,,0.424,,0.39,,,,,,0.369,,,,,0,0.4255,0.4285,0.382,0.39,0.369
14-11,,,,0.415,0.436,,,,,0.455,0.402,,,0.398,0.324,,,0.425,,0.389,,,,,,0.369,,,,,0,0.4255,0.4285,0.382333333,0.389,0.369
14-12,,,,0.416,0.436,,,,,0.454,0.402,,,0.398,0.325,,,0.425,,0.39,,,,,,0.369,,,,,0,0.426,0.428,0.382666667,0.39,0.369
14-13,,,,0.416,0.435,,,,,0.455,0.402,,,0.398,0.325,,,0.425,,0.39,,,,,,0.369,,,,,0,0.4255,0.4285,0.382666667,0.39,0.369
14-14,,,,0.416,0.435,,,,,0.455,0.402,,,0.398,0.325,,,0.425,,0.39,,,,,,0.369,,,,,0,0.4255,0.4285,0.382666667,0.39,0.369
14-15,,,,0.415,0.435,,,,,0.456,0.402,,,0.399,0.325,,,0.425,,0.389,,,,,,0.369,,,,,0,0.425,0.429,0.383,0.389,0.369
14-16,,,,0.414,0.435,,,,,0.456,0.402,,,0.398,0.325,,,0.425,,0.39,,,,,,0.369,,,,,0,0.4245,0.429,0.382666667,0.39,0.369
14-17,,,,0.412,0.435,,,,,0.455,0.402,,,0.398,0.324,,,0.425,,0.389,,,,,,0.369,,,,,0,0.4235,0.4285,0.382333333,0.389,0.369
14-18,,,,0.412,0.434,,,,,0.454,0.402,,,0.398,0.325,,,0.425,,0.389,,,,,,0.369,,,,,0,0.423,0.428,0.382666667,0.389,0.369
14-19,,,,0.409,0.433,,,,,0.454,0.403,,,0.399,0.325,,,0.425,,0.389,,,,,,0.368,,,,,0,0.421,0.4285,0.383,0.389,0.368
14-20,,,,0.407,0.433,,,,,0.452,0.402,,,0.398,0.324,,,0.425,,0.389,,,,,,0.368,,,,,0,0.42,0.427,0.382333333,0.389,0.368
14-21,,,,0.406,0.433,,,,,0.451,0.402,,,0.398,0.324,,,0.425,,0.389,,,,,,0.368,,,,,0,0.4195,0.4265,0.382333333,0.389,0.368
14-22,,,,0.406,0.432,,,,,0.45,0.401,,,0.397,0.323,,,0.424,,0.389,,,,,,0.368,,,,,0,0.419,0.4255,0.381333333,0.389,0.368
14-23,,,,0.406,0.432,,,,,0.45,0.4,,,0.397,0.323,,,0.424,,0.389,,,,,,0.368,,,,,0,0.419,0.425,0.381333333,0.389,0.368
15-00,,,,0.407,0.432,,,,,0.45,0.4,,,0.398,0.323,,,0.424,,0.389,,,,,,0.368,,,,,0,0.4195,0.425,0.381666667,0.389,0.368
15-01,,,,0.408,0.433,,,,,0.45,0.401,,,0.397,0.323,,,0.423,,0.389,,,,,,0.368,,,,,0,0.4205,0.4255,0.381,0.389,0.368
15-02,,,,0.408,0.433,,,,,0.45,0.401,,,0.398,0.323,,,0.423,,0.389,,,,,,0.368,,,,,0,0.4205,0.4255,0.381333333,0.389,0.368
15-03,,,,0.408,0.433,,,,,0.45,0.402,,,0.397,0.323,,,0.423,,0.389,,,,,,0.368,,,,,0,0.4205,0.426,0.381,0.389,0.368
15-04,,,,0.408,0.434,,,,,0.45,0.402,,,0.397,0.323,,,0.423,,0.389,,,,,,0.368,,,,,0,0.421,0.426,0.381,0.389,0.368
15-05,,,,0.409,0.434,,,,,0.451,0.402,,,0.398,0.324,,,0.423,,0.389,,,,,,0.368,,,,,0,0.4215,0.4265,0.381666667,0.389,0.368
15-06,,,,0.409,0.434,,,,,0.451,0.402,,,0.397,0.324,,,0.423,,0.39,,,,,,0.368,,,,,0,0.4215,0.4265,0.381333333,0.39,0.368
15-07,,,,0.409,0.434,,,,,0.452,0.402,,,0.398,0.324,,,0.423,,0.389,,,,,,0.368,,,,,0,0.4215,0.427,0.381666667,0.389,0.368
15-08,,,,0.411,0.435,,,,,0.453,0.402,,,0.397,0.324,,,0.423,,0.389,,,,,,0.368,,,,,0,0.423,0.4275,0.381333333,0.389,0.368
15-09,,,,0.411,0.435,,,,,0.452,0.402,,,0.397,0.325,,,0.424,,0.389,,,,,,0.368,,,,,0,0.423,0.427,0.382,0.389,0.368
15-10,,,,0.412,0.435,,,,,0.452,0.404,,,0.398,0.325,,,0.423,,0.389,,,,,,0.368,,,,,0,0.4235,0.428,0.382,0.389,0.368
15-11,,,,0.411,0.435,,,,,0.453,0.403,,,0.398,0.324,,,0.424,,0.389,,,,,,0.368,,,,,0,0.423,0.428,0.382,0.389,0.368
15-12,,,,0.411,0.435,,,,,0.453,0.403,,,0.398,0.324,,,0.424,,0.389,,,,,,0.368,,,,,0,0.423,0.428,0.382,0.389,0.368
15-13,,,,0.412,0.435,,,,,0.454,0.405,,,0.398,0.325,,,0.424,,0.389,,,,,,0.368,,,,,0,0.4235,0.4295,0.382333333,0.389,0.368
15-14,,,,0.411,0.435,,,,,0.454,0.405,,,0.398,0.325,,,0.425,,0.389,,,,,,0.368,,,,,0,0.423,0.4295,0.382666667,0.389,0.368
15-15,,,,0.411,0.435,,,,,0.454,0.405,,,0.399,0.325,,,0.425,,0.389,,,,,,0.368,,,,,0,0.423,0.4295,0.383,0.389,0.368
15-16,,,,0.409,0.435,,,,,0.453,0.405,,,0.399,0.325,,,0.426,,0.389,,,,,,0.368,,,,,0,0.422,0.429,0.383333333,0.389,0.368
15-17,,,,0.407,0.435,,,,,0.453,0.403,,,0.399,0.325,,,0.426,,0.389,,,,,,0.368,,,,,0,0.421,0.428,0.383333333,0.389,0.368
15-18,,,,0.405,0.434,,,,,0.452,0.403,,,0.398,0.324,,,0.425,,0.389,,,,,,0.368,,,,,0,0.4195,0.4275,0.382333333,0.389,0.368
15-19,,,,0.403,0.432,,,,,0.451,0.402,,,0.398,0.324,,,0.425,,0.389,,,,,,0.368,,,,,0,0.4175,0.4265,0.382333333,0.389,0.368
15-20,,,,0.4,0.433,,,,,0.45,0.402,,,0.398,0.323,,,0.424,,0.389,,,,,,0.368,,,,,0,0.4165,0.426,0.381666667,0.389,0.368
15-21,,,,0.398,0.433,,,,,0.449,0.402,,,0.397,0.323,,,0.423,,0.389,,,,,,0.367,,,,,0,0.4155,0.4255,0.381,0.389,0.367
15-22,,,,0.398,0.432,,,,,0.448,0.402,,,0.397,0.323,,,0.423,,0.389,,,,,,0.368,,,,,0,0.415,0.425,0.381,0.389,0.368
15-23,,,,0.398,0.432,,,,,0.448,0.402,,,0.397,0.323,,,0.423,,0.389,,,,,,0.368,,,,,0,0.415,0.425,0.381,0.389,0.368
16-00,,,,0.399,0.432,,,,,0.448,0.402,,,0.397,0.322,,,0.422,,0.389,,,,,,0.368,,,,,0,0.4155,0.425,0.380333333,0.389,0.368
16-01,,,,0.399,0.432,,,,,0.447,0.402,,,0.397,0.321,,,0.422,,0.389,,,,,,0.367,,,,,0,0.4155,0.4245,0.38,0.389,0.367
16-02,,,,0.399,0.432,,,,,0.447,0.402,,,0.397,0.322,,,0.422,,0.388,,,,,,0.367,,,,,0,0.4155,0.4245,0.380333333,0.388,0.367
16-03,,,,0.399,0.432,,,,,0.447,0.402,,,0.397,0.322,,,0.422,,0.388,,,,,,0.367,,,,,0,0.4155,0.4245,0.380333333,0.388,0.367
16-04,,,,0.399,0.432,,,,,0.448,0.401,,,0.397,0.322,,,0.422,,0.389,,,,,,0.367,,,,,0,0.4155,0.4245,0.380333333,0.389,0.367
16-05,,,,0.399,0.432,,,,,0.448,0.401,,,0.397,0.322,,,0.422,,0.389,,,,,,0.367,,,,,0,0.4155,0.4245,0.380333333,0.389,0.367
16-06,,,,0.399,0.432,,,,,0.448,0.401,,,0.397,0.323,,,0.422,,0.389,,,,,,0.367,,,,,0,0.4155,0.4245,0.380666667,0.389,0.367
16-07,,,,0.4,0.432,,,,,0.448,0.402,,,0.397,0.323,,,0.422,,0.389,,,,,,0.367,,,,,0,0.416,0.425,0.380666667,0.389,0.367
16-08,,,,0.4,0.432,,,,,0.448,0.402,,,0.397,0.323,,,0.422,,0.388,,,,,,0.367,,,,,0,0.416,0.425,0.380666667,0.388,0.367
16-09,,,,0.4,0.432,,,,,0.449,0.402,,,0.397,0.323,,,0.422,,0.388,,,,,,0.367,,,,,0,0.416,0.4255,0.380666667,0.388,0.367
16-10,,,,0.401,0.432,,,,,0.449,0.402,,,0.397,0.323,,,0.422,,0.388,,,,,,0.367,,,,,0,0.4165,0.4255,0.380666667,0.388,0.367
16-11,,,,0.401,0.432,,,,,0.449,0.402,,,0.397,0.323,,,0.422,,0.388,,,,,,0.367,,,,,0,0.4165,0.4255,0.380666667,0.388,0.367
16-12,,,,0.401,0.432,,,,,0.45,0.402,,,0.397,0.323,,,0.422,,0.388,,,,,,0.367,,,,,0,0.4165,0.426,0.380666667,0.388,0.367
16-13,,,,0.401,0.432,,,,,0.45,0.402,,,0.397,0.323,,,0.422,,0.388,,,,,,0.367,,,,,0,0.4165,0.426,0.380666667,0.388,0.367
16-14,,,,0.4,0.432,,,,,0.449,0.402,,,0.397,0.323,,,0.422,,0.389,,,,,,0.367,,,,,0,0.416,0.4255,0.380666667,0.389,0.367
16-15,,,,0.4,0.432,,,,,0.449,0.402,,,0.398,0.323,,,0.422,,0.389,,,,,,0.367,,,,,0,0.416,0.4255,0.381,0.389,0.367
16-16,,,,0.399,0.432,,,,,0.449,0.402,,,0.398,0.323,,,0.422,,0.389,,,,,,0.367,,,,,0,0.4155,0.4255,0.381,0.389,0.367
16-17,,,,0.399,0.432,,,,,0.448,0.402,,,0.398,0.323,,,0.422,,0.388,,,,,,0.367,,,,,0,0.4155,0.425,0.381,0.388,0.367
16-18,,,,0.398,0.431,,,,,0.447,0.401,,,0.398,0.321,,,0.422,,0.388,,,,,,0.367,,,,,0,0.4145,0.424,0.380333333,0.388,0.367
16-19,,,,0.397,0.43,,,,,0.447,0.402,,,0.397,0.321,,,0.422,,0.388,,,,,,0.367,,,,,0,0.4135,0.4245,0.38,0.388,0.367
16-20,,,,0.397,0.43,,,,,0.446,0.4,,,0.397,0.32,,,0.421,,0.388,,,,,,0.366,,,,,0,0.4135,0.423,0.379333333,0.388,0.366
16-21,,,,0.397,0.43,,,,,0.444,0.4,,,0.397,0.32,,,0.421,,0.388,,,,,,0.366,,,,,0,0.4135,0.422,0.379333333,0.388,0.366
16-22,,,,0.397,0.43,,,,,0.444,0.4,,,0.397,0.32,,,0.421,,0.388,,,,,,0.366,,,,,0,0.4135,0.422,0.379333333,0.388,0.366
16-23,,,,0.397,0.43,,,,,0.444,0.4,,,0.397,0.32,,,0.42,,0.388,,,,,,0.367,,,,,0,0.4135,0.422,0.379,0.388,0.367
17-00,,,,0.397,0.43,,,,,0.444,0.4,,,0.396,0.32,,,0.42,,0.388,,,,,,0.366,,,,,0,0.4135,0.422,0.378666667,0.388,0.366
17-01,,,,0.397,0.43,,,,,0.443,0.4,,,0.397,0.32,,,0.42,,0.387,,,,,,0.366,,,,,0,0.4135,0.4215,0.379,0.387,0.366
17-02,,,,0.397,0.43,,,,,0.444,0.4,,,0.397,0.32,,,0.42,,0.388,,,,,,0.366,,,,,0,0.4135,0.422,0.379,0.388,0.366
17-03,,,,0.397,0.43,,,,,0.444,0.4,,,0.397,0.32,,,0.42,,0.387,,,,,,0.367,,,,,0,0.4135,0.422,0.379,0.387,0.367
17-04,,,,0.397,0.43,,,,,0.444,0.4,,,0.397,0.32,,,0.42,,0.387,,,,,,0.366,,,,,0,0.4135,0.422,0.379,0.387,0.366
17-05,,,,0.398,0.43,,,,,0.445,0.4,,,0.397,0.32,,,0.42,,0.388,,,,,,0.366,,,,,0,0.414,0.4225,0.379,0.388,0.366
17-06,,,,0.397,0.43,,,,,0.444,0.4,,,0.397,0.32,,,0.42,,0.387,,,,,,0.366,,,,,0,0.4135,0.422,0.379,0.387,0.366
17-07,,,,0.396,0.43,,,,,0.444,0.4,,,0.397,0.32,,,0.42,,0.387,,,,,,0.367,,,,,0,0.413,0.422,0.379,0.387,0.367
17-08,,,,0.397,0.43,,,,,0.444,0.4,,,0.397,0.32,,,0.42,,0.388,,,,,,0.366,,,,,0,0.4135,0.422,0.379,0.388,0.366
17-09,,,,0.396,0.43,,,,,0.444,0.4,,,0.397,0.32,,,0.42,,0.387,,,,,,0.366,,,,,0,0.413,0.422,0.379,0.387,0.366
17-10,,,,0.396,0.43,,,,,0.444,0.4,,,0.397,0.32,,,0.42,,0.387,,,,,,0.366,,,,,0,0.413,0.422,0.379,0.387,0.366
17-11,,,,0.397,0.43,,,,,0.444,0.4,,,0.397,0.32,,,0.42,,0.387,,,,,,0.366,,,,,0,0.4135,0.422,0.379,0.387,0.366
17-12,,,,0.396,0.43,,,,,0.444,0.4,,,0.397,0.32,,,0.42,,0.387,,,,,,0.366,,,,,0,0.413,0.422,0.379,0.387,0.366
17-13,,,,0.396,0.43,,,,,0.444,0.4,,,0.397,0.32,,,0.42,,0.387,,,,,,0.366,,,,,0,0.413,0.422,0.379,0.387,0.366
17-14,,,,0.396,0.43,,,,,0.444,0.4,,,0.397,0.319,,,0.42,,0.387,,,,,,0.366,,,,,0,0.413,0.422,0.378666667,0.387,0.366
17-15,,,,0.396,0.43,,,,,0.444,0.4,,,0.397,0.319,,,0.42,,0.387,,,,,,0.366,,,,,0,0.413,0.422,0.378666667,0.387,0.366
17-16,,,,0.396,0.43,,,,,0.444,0.4,,,0.397,0.319,,,0.42,,0.387,,,,,,0.366,,,,,0,0.413,0.422,0.378666667,0.387,0.366
17-17,,,,0.396,0.43,,,,,0.444,0.4,,,0.397,0.319,,,0.42,,0.387,,,,,,0.366,,,,,0,0.413,0.422,0.378666667,0.387,0.366
17-18,,,,0.396,0.43,,,,,0.443,0.4,,,0.397,0.319,,,0.42,,0.387,,,,,,0.366,,,,,0,0.413,0.4215,0.378666667,0.387,0.366
17-19,,,,0.396,0.43,,,,,0.443,0.4,,,0.397,0.319,,,0.42,,0.387,,,,,,0.365,,,,,0,0.413,0.4215,0.378666667,0.387,0.365
17-20,,,,0.395,0.43,,,,,0.444,0.4,,,0.397,0.319,,,0.419,,0.387,,,,,,0.366,,,,,0,0.4125,0.422,0.378333333,0.387,0.366
17-21,,,,0.395,0.43,,,,,0.444,0.4,,,0.397,0.318,,,0.42,,0.387,,,,,,0.366,,,,,0,0.4125,0.422,0.378333333,0.387,0.366
17-22,,,,0.396,0.43,,,,,0.443,0.4,,,0.397,0.318,,,0.42,,0.387,,,,,,0.365,,,,,0,0.413,0.4215,0.378333333,0.387,0.365
17-23,,,,0.396,0.43,,,,,0.443,0.4,,,0.397,0.318,,,0.42,,0.387,,,,,,0.366,,,,,0,0.413,0.4215,0.378333333,0.387,0.366
18-00,,,,0.396,0.43,,,,,0.443,0.4,,,0.397,0.318,,,0.419,,0.387,,,,,,0.366,,,,,0,0.413,0.4215,0.378,0.387,0.366
18-01,,,,0.396,0.43,,,,,0.442,0.4,,,0.397,0.318,,,0.42,,0.387,,,,,,0.366,,,,,0,0.413,0.421,0.378333333,0.387,0.366
18-02,,,,0.396,0.43,,,,,0.443,0.4,,,0.397,0.318,,,0.42,,0.387,,,,,,0.366,,,,,0,0.413,0.4215,0.378333333,0.387,0.366
18-03,,,,0.396,0.43,,,,,0.443,0.4,,,0.397,0.318,,,0.42,,0.387,,,,,,0.366,,,,,0,0.413,0.4215,0.378333333,0.387,0.366
18-04,,,,0.396,0.43,,,,,0.444,0.4,,,0.397,0.318,,,0.42,,0.387,,,,,,0.365,,,,,0,0.413,0.422,0.378333333,0.387,0.365
18-05,,,,0.396,0.43,,,,,0.443,0.4,,,0.397,0.318,,,0.419,,0.387,,,,,,0.365,,,,,0,0.413,0.4215,0.378,0.387,0.365
18-06,,,,0.396,0.43,,,,,0.444,0.4,,,0.397,0.318,,,0.42,,0.387,,,,,,0.365,,,,,0,0.413,0.422,0.378333333,0.387,0.365
18-07,,,,0.397,0.43,,,,,0.443,0.4,,,0.397,0.318,,,0.42,,0.387,,,,,,0.366,,,,,0,0.4135,0.4215,0.378333333,0.387,0.366
18-08,,,,0.396,0.43,,,,,0.443,0.4,,,0.398,0.318,,,0.419,,0.387,,,,,,0.365,,,,,0,0.413,0.4215,0.378333333,0.387,0.365
18-09,,,,0.396,0.43,,,,,0.443,0.4,,,0.397,0.318,,,0.42,,0.387,,,,,,0.365,,,,,0,0.413,0.4215,0.378333333,0.387,0.365
18-10,,,,0.396,0.43,,,,,0.444,0.401,,,0.397,0.318,,,0.42,,0.387,,,,,,0.366,,,,,2.4,0.413,0.4225,0.378333333,0.387,0.366
18-11,,,,0.398,0.431,,,,,0.445,0.401,,,0.399,0.32,,,0.421,,0.388,,,,,,0.366,,,,,3.1,0.4145,0.423,0.38,0.388,0.366
18-12,,,,0.429,0.435,,,,,0.456,0.403,,,0.416,0.321,,,0.428,,0.389,,,,,,0.367,,,,,5.7,0.432,0.4295,0.388333333,0.389,0.367
18-13,,,,0.457,0.437,,,,,0.463,0.403,,,0.417,0.322,,,0.428,,0.389,,,,,,0.367,,,,,0.3,0.447,0.433,0.389,0.389,0.367
18-14,,,,0.444,0.436,,,,,0.461,0.403,,,0.419,0.322,,,0.428,,0.389,,,,,,0.367,,,,,0,0.44,0.432,0.389666667,0.389,0.367
18-15,,,,0.423,0.437,,,,,0.456,0.404,,,0.419,0.321,,,0.428,,0.388,,,,,,0.367,,,,,0,0.43,0.43,0.389333333,0.388,0.367
18-16,,,,0.416,0.437,,,,,0.455,0.404,,,0.419,0.322,,,0.428,,0.388,,,,,,0.367,,,,,0,0.4265,0.4295,0.389666667,0.388,0.367
18-17,,,,0.413,0.437,,,,,0.454,0.403,,,0.419,0.322,,,0.428,,0.388,,,,,,0.367,,,,,0,0.425,0.4285,0.389666667,0.388,0.367
18-18,,,,0.411,0.436,,,,,0.454,0.403,,,0.419,0.322,,,0.427,,0.388,,,,,,0.367,,,,,0,0.4235,0.4285,0.389333333,0.388,0.367
18-19,,,,0.408,0.436,,,,,0.453,0.403,,,0.419,0.322,,,0.426,,0.388,,,,,,0.367,,,,,0,0.422,0.428,0.389,0.388,0.367
18-20,,,,0.408,0.434,,,,,0.451,0.403,,,0.419,0.321,,,0.425,,0.388,,,,,,0.367,,,,,0,0.421,0.427,0.388333333,0.388,0.367
18-21,,,,0.407,0.433,,,,,0.451,0.402,,,0.419,0.321,,,0.425,,0.388,,,,,,0.366,,,,,0,0.42,0.4265,0.388333333,0.388,0.366
18-22,,,,0.406,0.433,,,,,0.45,0.401,,,0.417,0.32,,,0.425,,0.388,,,,,,0.366,,,,,0,0.4195,0.4255,0.387333333,0.388,0.366
18-23,,,,0.407,0.434,,,,,0.449,0.401,,,0.406,0.32,,,0.424,,0.388,,,,,,0.366,,,,,0,0.4205,0.425,0.383333333,0.388,0.366
19-00,,,,0.407,0.433,,,,,0.449,0.401,,,0.403,0.319,,,0.425,,0.388,,,,,,0.366,,,,,0,0.42,0.425,0.382333333,0.388,0.366
19-01,,,,0.408,0.433,,,,,0.449,0.402,,,0.402,0.32,,,0.424,,0.389,,,,,,0.366,,,,,0,0.4205,0.4255,0.382,0.389,0.366
19-02,,,,0.408,0.433,,,,,0.45,0.403,,,0.401,0.32,,,0.423,,0.388,,,,,,0.367,,,,,0,0.4205,0.4265,0.381333333,0.388,0.367
19-03,,,,0.409,0.434,,,,,0.45,0.403,,,0.401,0.32,,,0.424,,0.389,,,,,,0.367,,,,,0,0.4215,0.4265,0.381666667,0.389,0.367
19-04,,,,0.409,0.434,,,,,0.451,0.403,,,0.4,0.321,,,0.424,,0.389,,,,,,0.367,,,,,0,0.4215,0.427,0.381666667,0.389,0.367
19-05,,,,0.409,0.434,,,,,0.451,0.403,,,0.4,0.321,,,0.424,,0.388,,,,,,0.367,,,,,0,0.4215,0.427,0.381666667,0.388,0.367
19-06,,,,0.409,0.434,,,,,0.451,0.404,,,0.4,0.321,,,0.423,,0.388,,,,,,0.367,,,,,0,0.4215,0.4275,0.381333333,0.388,0.367
19-07,,,,0.41,0.435,,,,,0.451,0.404,,,0.4,0.321,,,0.424,,0.388,,,,,,0.366,,,,,0,0.4225,0.4275,0.381666667,0.388,0.366
19-08,,,,0.41,0.435,,,,,0.452,0.404,,,0.4,0.322,,,0.424,,0.388,,,,,,0.366,,,,,0,0.4225,0.428,0.382,0.388,0.366
19-09,,,,0.41,0.435,,,,,0.452,0.404,,,0.401,0.322,,,0.424,,0.388,,,,,,0.366,,,,,0,0.4225,0.428,0.382333333,0.388,0.366
19-10,,,,0.411,0.435,,,,,0.453,0.405,,,0.401,0.323,,,0.424,,0.388,,,,,,0.366,,,,,0,0.423,0.429,0.382666667,0.388,0.366
19-11,,,,0.411,0.435,,,,,0.454,0.405,,,0.402,0.323,,,0.424,,0.388,,,,,,0.366,,,,,0,0.423,0.4295,0.383,0.388,0.366
19-12,,,,0.411,0.435,,,,,0.454,0.405,,,0.401,0.323,,,0.424,,0.388,,,,,,0.366,,,,,0,0.423,0.4295,0.382666667,0.388,0.366
19-13,,,,0.411,0.436,,,,,0.454,0.405,,,0.401,0.324,,,0.423,,0.388,,,,,,0.366,,,,,0,0.4235,0.4295,0.382666667,0.388,0.366
19-14,,,,0.411,0.436,,,,,0.454,0.405,,,0.401,0.324,,,0.424,,0.388,,,,,,0.366,,,,,0,0.4235,0.4295,0.383,0.388,0.366
19-15,,,,0.41,0.435,,,,,0.454,0.405,,,0.401,0.324,,,0.424,,0.388,,,,,,0.366,,,,,0,0.4225,0.4295,0.383,0.388,0.366
19-16,,,,0.408,0.435,,,,,0.455,0.405,,,0.401,0.323,,,0.423,,0.387,,,,,,0.366,,,,,0,0.4215,0.43,0.382333333,0.387,0.366
19-17,,,,0.405,0.435,,,,,0.454,0.405,,,0.4,0.324,,,0.423,,0.387,,,,,,0.366,,,,,0,0.42,0.4295,0.382333333,0.387,0.366
19-18,,,,0.404,0.434,,,,,0.453,0.405,,,0.4,0.323,,,0.424,,0.387,,,,,,0.366,,,,,0,0.419,0.429,0.382333333,0.387,0.366
19-19,,,,0.402,0.433,,,,,0.451,0.404,,,0.4,0.323,,,0.422,,0.388,,,,,,0.366,,,,,0,0.4175,0.4275,0.381666667,0.388,0.366
19-20,,,,0.401,0.433,,,,,0.451,0.404,,,0.4,0.322,,,0.422,,0.387,,,,,,0.365,,,,,0,0.417,0.4275,0.381333333,0.387,0.365
19-21,,,,0.401,0.433,,,,,0.45,0.404,,,0.401,0.321,,,0.422,,0.387,,,,,,0.366,,,,,0,0.417,0.427,0.381333333,0.387,0.366
19-22,,,,0.4,0.432,,,,,0.449,0.404,,,0.4,0.32,,,0.422,,0.387,,,,,,0.365,,,,,0,0.416,0.4265,0.380666667,0.387,0.365
19-23,,,,0.4,0.431,,,,,0.449,0.403,,,0.399,0.32,,,0.421,,0.387,,,,,,0.365,,,,,0,0.4155,0.426,0.38,0.387,0.365
20-00,,,,0.4,0.432,,,,,0.448,0.403,,,0.399,0.321,,,0.42,,0.387,,,,,,0.365,,,,,0,0.416,0.4255,0.38,0.387,0.365
20-01,,,,0.401,0.433,,,,,0.448,0.403,,,0.399,0.321,,,0.421,,0.387,,,,,,0.365,,,,,0,0.417,0.4255,0.380333333,0.387,0.365
20-02,,,,0.401,0.433,,,,,0.448,0.404,,,0.399,0.32,,,0.421,,0.387,,,,,,0.365,,,,,0,0.417,0.426,0.38,0.387,0.365
20-03,,,,0.401,0.432,,,,,0.448,0.404,,,0.399,0.32,,,0.42,,0.387,,,,,,0.365,,,,,0,0.4165,0.426,0.379666667,0.387,0.365
20-04,,,,0.401,0.432,,,,,0.448,0.404,,,0.4,0.32,,,0.42,,0.387,,,,,,0.365,,,,,0,0.4165,0.426,0.38,0.387,0.365
20-05,,,,0.401,0.432,,,,,0.448,0.404,,,0.399,0.32,,,0.42,,0.387,,,,,,0.365,,,,,0,0.4165,0.426,0.379666667,0.387,0.365
20-06,,,,0.401,0.433,,,,,0.449,0.405,,,0.399,0.321,,,0.42,,0.387,,,,,,0.365,,,,,0,0.417,0.427,0.38,0.387,0.365
20-07,,,,0.401,0.433,,,,,0.449,0.405,,,0.399,0.321,,,0.42,,0.387,,,,,,0.365,,,,,0,0.417,0.427,0.38,0.387,0.365
20-08,,,,0.401,0.433,,,,,0.45,0.405,,,0.4,0.321,,,0.421,,0.387,,,,,,0.365,,,,,0,0.417,0.4275,0.380666667,0.387,0.365
20-09,,,,0.402,0.433,,,,,0.45,0.404,,,0.4,0.322,,,0.421,,0.387,,,,,,0.365,,,,,0,0.4175,0.427,0.381,0.387,0.365
20-10,,,,0.402,0.434,,,,,0.45,0.405,,,0.399,0.323,,,0.421,,0.387,,,,,,0.365,,,,,0,0.418,0.4275,0.381,0.387,0.365
20-11,,,,0.401,0.434,,,,,0.45,0.406,,,0.4,0.323,,,0.421,,0.387,,,,,,0.365,,,,,0,0.4175,0.428,0.381333333,0.387,0.365
20-12,,,,0.401,0.435,,,,,0.451,0.406,,,0.4,0.322,,,0.422,,0.387,,,,,,0.365,,,,,0,0.418,0.4285,0.381333333,0.387,0.365
20-13,,,,0.402,0.435,,,,,0.451,0.406,,,0.4,0.323,,,0.421,,0.387,,,,,,0.365,,,,,0.2,0.4185,0.4285,0.381333333,0.387,0.365
20-14,,,,0.401,0.435,,,,,0.451,0.406,,,0.4,0.323,,,0.422,,0.387,,,,,,0.365,,,,,0,0.418,0.4285,0.381666667,0.387,0.365
20-15,,,,0.4,0.433,,,,,0.451,0.406,,,0.4,0.323,,,0.422,,0.387,,,,,,0.365,,,,,0,0.4165,0.4285,0.381666667,0.387,0.365
20-16,,,,0.399,0.433,,,,,0.45,0.406,,,0.4,0.323,,,0.422,,0.387,,,,,,0.365,,,,,0,0.416,0.428,0.381666667,0.387,0.365
20-17,,,,0.397,0.433,,,,,0.448,0.406,,,0.4,0.322,,,0.423,,0.387,,,,,,0.365,,,,,0,0.415,0.427,0.381666667,0.387,0.365
20-18,,,,0.397,0.432,,,,,0.446,0.404,,,0.4,0.323,,,0.423,,0.387,,,,,,0.364,,,,,0,0.4145,0.425,0.382,0.387,0.364
20-19,,,,0.396,0.431,,,,,0.445,0.405,,,0.4,0.322,,,0.421,,0.387,,,,,,0.364,,,,,0,0.4135,0.425,0.381,0.387,0.364
20-20,,,,0.396,0.431,,,,,0.444,0.404,,,0.399,0.321,,,0.421,,0.387,,,,,,0.364,,,,,0,0.4135,0.424,0.380333333,0.387,0.364
20-21,,,,0.395,0.43,,,,,0.443,0.404,,,0.399,0.32,,,0.42,,0.387,,,,,,0.364,,,,,0,0.4125,0.4235,0.379666667,0.387,0.364
20-22,,,,0.395,0.43,,,,,0.442,0.404,,,0.398,0.32,,,0.42,,0.387,,,,,,0.364,,,,,0,0.4125,0.423,0.379333333,0.387,0.364
20-23,,,,0.395,0.43,,,,,0.441,0.404,,,0.398,0.319,,,0.419,,0.387,,,,,,0.364,,,,,0,0.4125,0.4225,0.378666667,0.387,0.364
21-00,,,,0.395,0.43,,,,,0.441,0.403,,,0.399,0.32,,,0.419,,0.387,,,,,,0.364,,,,,0,0.4125,0.422,0.379333333,0.387,0.364
21-01,,,,0.395,0.429,,,,,0.44,0.403,,,0.399,0.32,,,0.419,,0.387,,,,,,0.364,,,,,0,0.412,0.4215,0.379333333,0.387,0.364
21-02,,,,0.395,0.43,,,,,0.44,0.403,,,0.399,0.319,,,0.419,,0.386,,,,,,0.364,,,,,0,0.4125,0.4215,0.379,0.386,0.364
21-03,,,,0.395,0.43,,,,,0.44,0.404,,,0.399,0.319,,,0.419,,0.386,,,,,,0.364,,,,,0,0.4125,0.422,0.379,0.386,0.364
21-04,,,,0.396,0.43,,,,,0.439,0.404,,,0.399,0.32,,,0.419,,0.386,,,,,,0.364,,,,,0,0.413,0.4215,0.379333333,0.386,0.364
21-05,,,,0.396,0.43,,,,,0.439,0.404,,,0.399,0.319,,,0.419,,0.386,,,,,,0.364,,,,,0,0.413,0.4215,0.379,0.386,0.364
21-06,,,,0.396,0.431,,,,,0.439,0.404,,,0.399,0.319,,,0.419,,0.386,,,,,,0.364,,,,,0,0.4135,0.4215,0.379,0.386,0.364
21-07,,,,0.396,0.431,,,,,0.439,0.404,,,0.399,0.319,,,0.419,,0.387,,,,,,0.364,,,,,0,0.4135,0.4215,0.379,0.387,0.364
21-08,,,,0.397,0.431,,,,,0.44,0.404,,,0.398,0.32,,,0.419,,0.387,,,,,,0.364,,,,,0,0.414,0.422,0.379,0.387,0.364
21-09,,,,0.397,0.431,,,,,0.44,0.404,,,0.399,0.32,,,0.419,,0.386,,,,,,0.364,,,,,0,0.414,0.422,0.379333333,0.386,0.364
21-10,,,,0.396,0.431,,,,,0.44,0.404,,,0.399,0.32,,,0.419,,0.387,,,,,,0.364,,,,,0,0.4135,0.422,0.379333333,0.387,0.364
21-11,,,,0.396,0.431,,,,,0.441,0.403,,,0.399,0.32,,,0.419,,0.386,,,,,,0.364,,,,,0,0.4135,0.422,0.379333333,0.386,0.364
21-12,,,,0.397,0.431,,,,,0.441,0.404,,,0.399,0.32,,,0.419,,0.386,,,,,,0.364,,,,,0,0.414,0.4225,0.379333333,0.386,0.364
21-13,,,,0.396,0.431,,,,,0.441,0.404,,,0.399,0.32,,,0.419,,0.386,,,,,,0.364,,,,,0,0.4135,0.4225,0.379333333,0.386,0.364
21-14,,,,0.397,0.431,,,,,0.441,0.404,,,0.399,0.32,,,0.419,,0.387,,,,,,0.364,,,,,0,0.414,0.4225,0.379333333,0.387,0.364
21-15,,,,0.396,0.431,,,,,0.441,0.404,,,0.399,0.32,,,0.419,,0.386,,,,,,0.363,,,,,0,0.4135,0.4225,0.379333333,0.386,0.363
21-16,,,,0.396,0.43,,,,,0.44,0.404,,,0.399,0.32,,,0.42,,0.386,,,,,,0.363,,,,,0,0.413,0.422,0.379666667,0.386,0.363
21-17,,,,0.395,0.429,,,,,0.439,0.404,,,0.399,0.32,,,0.419,,0.386,,,,,,0.364,,,,,0,0.412,0.4215,0.379333333,0.386,0.364
21-18,,,,0.394,0.43,,,,,0.438,0.404,,,0.399,0.319,,,0.419,,0.386,,,,,,0.364,,,,,0,0.412,0.421,0.379,0.386,0.364
21-19,,,,0.393,0.429,,,,,0.437,0.403,,,0.399,0.319,,,0.419,,0.386,,,,,,0.363,,,,,0,0.411,0.42,0.379,0.386,0.363
21-20,,,,0.393,0.429,,,,,0.436,0.403,,,0.398,0.318,,,0.419,,0.386,,,,,,0.363,,,,,0,0.411,0.4195,0.378333333,0.386,0.363
21-21,,,,0.392,0.429,,,,,0.435,0.403,,,0.399,0.317,,,0.418,,0.386,,,,,,0.363,,,,,0,0.4105,0.419,0.378,0.386,0.363
21-22,,,,0.392,0.428,,,,,0.434,0.401,,,0.398,0.318,,,0.418,,0.386,,,,,,0.363,,,,,0,0.41,0.4175,0.378,0.386,0.363
21-23,,,,0.392,0.429,,,,,0.433,0.401,,,0.399,0.318,,,0.417,,0.386,,,,,,0.364,,,,,0,0.4105,0.417,0.378,0.386,0.364
22-00,,,,0.392,0.429,,,,,0.433,0.401,,,0.398,0.317,,,0.417,,0.386,,,,,,0.363,,,,,0,0.4105,0.417,0.377333333,0.386,0.363
22-01,,,,0.392,0.429,,,,,0.433,0.401,,,0.398,0.317,,,0.417,,0.385,,,,,,0.363,,,,,0,0.4105,0.417,0.377333333,0.385,0.363
22-02,,,,0.392,0.429,,,,,0.434,0.401,,,0.399,0.318,,,0.417,,0.386,,,,,,0.363,,,,,0,0.4105,0.4175,0.378,0.386,0.363
22-03,,,,0.392,0.429,,,,,0.433,0.402,,,0.398,0.318,,,0.417,,0.385,,,,,,0.363,,,,,0,0.4105,0.4175,0.377666667,0.385,0.363
22-04,,,,0.393,0.429,,,,,0.433,0.403,,,0.398,0.317,,,0.417,,0.385,,,,,,0.363,,,,,0,0.411,0.418,0.377333333,0.385,0.363
22-05,,,,0.393,0.429,,,,,0.433,0.403,,,0.399,0.317,,,0.417,,0.384,,,,,,0.363,,,,,0,0.411,0.418,0.377666667,0.384,0.363
22-06,,,,0.393,0.429,,,,,0.434,0.403,,,0.399,0.317,,,0.417,,0.384,,,,,,0.363,,,,,0,0.411,0.4185,0.377666667,0.384,0.363
22-07,,,,0.393,0.429,,,,,0.434,0.403,,,0.399,0.317,,,0.417,,0.385,,,,,,0.363,,,,,0,0.411,0.4185,0.377666667,0.385,0.363
22-08,,,,0.393,0.429,,,,,0.434,0.402,,,0.399,0.317,,,0.417,,0.384,,,,,,0.363,,,,,0,0.411,0.418,0.377666667,0.384,0.363
22-09,,,,0.393,0.429,,,,,0.434,0.402,,,0.399,0.317,,,0.418,,0.384,,,,,,0.364,,,,,0,0.411,0.418,0.378,0.384,0.364
22-10,,,,0.393,0.429,,,,,0.434,0.402,,,0.398,0.317,,,0.417,,0.385,,,,,,0.364,,,,,0,0.411,0.418,0.377333333,0.385,0.364
22-11,,,,0.393,0.429,,,,,0.434,0.402,,,0.398,0.317,,,0.418,,0.385,,,,,,0.363,,,,,0,0.411,0.418,0.377666667,0.385,0.363
22-12,,,,0.393,0.429,,,,,0.434,0.403,,,0.399,0.318,,,0.417,,0.384,,,,,,0.363,,,,,0,0.411,0.4185,0.378,0.384,0.363
22-13,,,,0.393,0.429,,,,,0.434,0.403,,,0.399,0.317,,,0.418,,0.385,,,,,,0.363,,,,,0,0.411,0.4185,0.378,0.385,0.363
22-14,,,,0.393,0.429,,,,,0.433,0.403,,,0.398,0.317,,,0.418,,0.385,,,,,,0.363,,,,,0,0.411,0.418,0.377666667,0.385,0.363
22-15,,,,0.393,0.429,,,,,0.433,0.402,,,0.398,0.318,,,0.418,,0.385,,,,,,0.363,,,,,0,0.411,0.4175,0.378,0.385,0.363
22-16,,,,0.392,0.429,,,,,0.433,0.402,,,0.399,0.317,,,0.418,,0.384,,,,,,0.363,,,,,0,0.4105,0.4175,0.378,0.384,0.363
22-17,,,,0.392,0.429,,,,,0.432,0.402,,,0.399,0.317,,,0.417,,0.385,,,,,,0.363,,,,,0,0.4105,0.417,0.377666667,0.385,0.363
22-18,,,,0.39,0.429,,,,,0.432,0.403,,,0.399,0.317,,,0.418,,0.385,,,,,,0.363,,,,,0,0.4095,0.4175,0.378,0.385,0.363
22-19,,,,0.39,0.427,,,,,0.433,0.401,,,0.399,0.318,,,0.417,,0.385,,,,,,0.362,,,,,0,0.4085,0.417,0.378,0.385,0.362
22-20,,,,0.389,0.427,,,,,0.43,0.401,,,0.398,0.316,,,0.417,,0.384,,,,,,0.362,,,,,0,0.408,0.4155,0.377,0.384,0.362
22-21,,,,0.388,0.427,,,,,3.994,0.401,,,0.398,0.316,,,0.417,,0.384,,,,,,0.362,,,,,0,0.4075,2.1975,0.377,0.384,0.362
22-22,,,,0.389,0.427,,,,,0.43,0.399,,,0.399,0.316,,,0.417,,0.384,,,,,,0.362,,,,,0,0.408,0.4145,0.377333333,0.384,0.362
22-23,,,,0.389,0.427,,,,,0.43,0.398,,,0.398,0.316,,,0.416,,0.384,,,,,,0.362,,,,,0,0.408,0.414,0.376666667,0.384,0.362
23-00,,,,0.388,0.427,,,,,0.429,0.398,,,0.398,0.316,,,0.416,,0.385,,,,,,0.362,,,,,0,0.4075,0.4135,0.376666667,0.385,0.362
23-01,,,,0.389,0.427,,,,,0.428,0.398,,,0.398,0.316,,,0.416,,0.385,,,,,,0.363,,,,,0,0.408,0.413,0.376666667,0.385,0.363
23-02,,,,0.389,0.427,,,,,0.429,0.399,,,0.398,0.316,,,0.416,,0.384,,,,,,0.363,,,,,0,0.408,0.414,0.376666667,0.384,0.363
23-03,,,,0.39,0.427,,,,,0.429,0.398,,,0.399,0.316,,,0.416,,0.384,,,,,,0.362,,,,,0,0.4085,0.4135,0.377,0.384,0.362
23-04,,,,0.39,0.427,,,,,0.429,0.398,,,0.397,0.316,,,0.416,,0.385,,,,,,0.362,,,,,0,0.4085,0.4135,0.376333333,0.385,0.362
23-05,,,,0.389,0.427,,,,,0.429,0.398,,,0.398,0.316,,,0.416,,0.384,,,,,,0.362,,,,,0,0.408,0.4135,0.376666667,0.384,0.362
23-06,,,,0.39,0.427,,,,,0.429,0.397,,,0.398,0.316,,,0.417,,0.384,,,,,,0.362,,,,,0,0.4085,0.413,0.377,0.384,0.362
23-07,,,,0.39,0.427,,,,,0.429,0.397,,,0.398,0.316,,,0.417,,0.385,,,,,,0.362,,,,,0,0.4085,0.413,0.377,0.385,0.362
23-08,,,,0.39,0.427,,,,,0.428,0.397,,,0.398,0.316,,,0.417,,0.384,,,,,,0.362,,,,,0,0.4085,0.4125,0.377,0.384,0.362
23-09,,,,0.39,0.427,,,,,0.428,0.397,,,0.398,0.316,,,0.417,,0.384,,,,,,0.362,,,,,0,0.4085,0.4125,0.377,0.384,0.362
23-10,,,,0.39,0.427,,,,,0.429,0.397,,,0.398,0.316,,,0.417,,0.385,,,,,,0.362,,,,,0,0.4085,0.413,0.377,0.385,0.362
23-11,,,,0.389,0.427,,,,,0.429,0.397,,,0.399,0.316,,,0.417,,0.385,,,,,,0.362,,,,,0,0.408,0.413,0.377333333,0.385,0.362
23-12,,,,0.39,0.427,,,,,0.429,0.397,,,0.398,0.316,,,0.417,,0.385,,,,,,0.362,,,,,0,0.4085,0.413,0.377,0.385,0.362
23-13,,,,0.39,0.427,,,,,0.429,0.397,,,0.399,0.316,,,0.417,,0.384,,,,,,0.362,,,,,0,0.4085,0.413,0.377333333,0.384,0.362
23-14,,,,0.389,0.427,,,,,0.429,0.397,,,0.399,0.316,,,0.416,,0.384,,,,,,0.363,,,,,0,0.408,0.413,0.377,0.384,0.363
23-15,,,,0.389,0.427,,,,,0.429,0.397,,,0.398,0.316,,,0.416,,0.385,,,,,,0.362,,,,,0,0.408,0.413,0.376666667,0.385,0.362
23-16,,,,0.389,0.427,,,,,0.428,0.397,,,0.398,0.316,,,0.417,,0.385,,,,,,0.362,,,,,0,0.408,0.4125,0.377,0.385,0.362
23-17,,,,0.389,0.427,,,,,0.428,0.397,,,0.399,0.316,,,0.417,,0.384,,,,,,0.362,,,,,0,0.408,0.4125,0.377333333,0.384,0.362
23-18,,,,0.388,0.427,,,,,0.427,0.398,,,0.398,0.316,,,0.417,,0.384,,,,,,0.361,,,,,0,0.4075,0.4125,0.377,0.384,0.361
23-19,,,,0.388,0.426,,,,,0.427,0.397,,,0.398,0.316,,,0.417,,0.384,,,,,,0.362,,,,,0,0.407,0.412,0.377,0.384,0.362
23-20,,,,0.387,0.426,,,,,0.427,0.395,,,0.398,0.315,,,0.417,,0.384,,,,,,0.361,,,,,0,0.4065,0.411,0.376666667,0.384,0.361
23-21,,,,0.387,0.426,,,,,0.425,0.395,,,0.398,0.315,,,0.416,,0.384,,,,,,0.361,,,,,0,0.4065,0.41,0.376333333,0.384,0.361
23-22,,,,0.386,0.426,,,,,0.424,0.395,,,0.398,0.315,,,0.416,,0.384,,,,,,0.361,,,,,0,0.406,0.4095,0.376333333,0.384,0.361
23-23,,,,0.387,0.426,,,,,0.424,0.395,,,0.398,0.314,,,0.416,,0.384,,,,,,0.361,,,,,0,0.4065,0.4095,0.376,0.384,0.361
24-00,,,,0.385,0.426,,,,,0.424,0.394,,,0.398,0.314,,,0.416,,0.384,,,,,,0.361,,,,,0,0.4055,0.409,0.376,0.384,0.361
24-01,,,,0.386,0.426,,,,,0.423,0.394,,,0.398,0.313,,,0.416,,0.384,,,,,,0.361,,,,,0,0.406,0.4085,0.375666667,0.384,0.361
24-02,,,,0.386,0.426,,,,,0.423,0.394,,,0.397,0.314,,,0.415,,0.384,,,,,,0.361,,,,,0,0.406,0.4085,0.375333333,0.384,0.361
24-03,,,,0.386,0.426,,,,,0.423,0.394,,,0.398,0.314,,,0.415,,0.383,,,,,,0.361,,,,,0,0.406,0.4085,0.375666667,0.383,0.361
24-04,,,,0.386,0.426,,,,,0.423,0.394,,,0.397,0.314,,,0.415,,0.384,,,,,,0.361,,,,,0,0.406,0.4085,0.375333333,0.384,0.361
24-05,,,,0.386,0.426,,,,,0.425,0.394,,,0.397,0.314,,,0.416,,0.384,,,,,,0.361,,,,,0,0.406,0.4095,0.375666667,0.384,0.361
24-06,,,,0.387,0.426,,,,,0.425,0.394,,,0.398,0.315,,,0.415,,0.384,,,,,,0.361,,,,,0,0.4065,0.4095,0.376,0.384,0.361
24-07,,,,0.387,0.426,,,,,0.425,0.394,,,0.398,0.316,,,0.416,,0.384,,,,,,0.361,,,,,0,0.4065,0.4095,0.376666667,0.384,0.361
24-08,,,,0.387,0.426,,,,,0.426,0.394,,,0.397,0.316,,,0.416,,0.384,,,,,,0.361,,,,,0,0.4065,0.41,0.376333333,0.384,0.361
24-09,,,,0.387,0.426,,,,,0.426,0.394,,,0.399,0.315,,,0.416,,0.384,,,,,,0.361,,,,,0,0.4065,0.41,0.376666667,0.384,0.361
24-10,,,,0.387,0.426,,,,,0.425,0.394,,,0.398,0.315,,,0.416,,0.384,,,,,,0.361,,,,,0,0.4065,0.4095,0.376333333,0.384,0.361
24-11,,,,0.387,0.426,,,,,0.425,0.394,,,0.398,0.315,,,0.416,,0.384,,,,,,0.361,,,,,0,0.4065,0.4095,0.376333333,0.384,0.361
24-12,,,,0.388,0.426,,,,,0.425,0.394,,,0.397,0.315,,,0.416,,0.384,,,,,,0.361,,,,,0,0.407,0.4095,0.376,0.384,0.361
24-13,,,,0.387,0.426,,,,,0.425,0.394,,,0.398,0.315,,,0.416,,0.384,,,,,,0.361,,,,,0,0.4065,0.4095,0.376333333,0.384,0.361
24-14,,,,0.387,0.426,,,,,0.424,0.394,,,0.398,0.315,,,0.416,,0.384,,,,,,0.361,,,,,0,0.4065,0.409,0.376333333,0.384,0.361
24-15,,,,0.387,0.426,,,,,0.425,0.394,,,0.399,0.315,,,0.416,,0.384,,,,,,0.361,,,,,0,0.4065,0.4095,0.376666667,0.384,0.361
24-16,,,,0.386,0.426,,,,,0.425,0.394,,,0.398,0.315,,,0.416,,0.384,,,,,,0.361,,,,,0,0.406,0.4095,0.376333333,0.384,0.361
24-17,,,,0.385,0.426,,,,,0.424,0.393,,,0.398,0.315,,,0.416,,0.384,,,,,,0.361,,,,,0,0.4055,0.4085,0.376333333,0.384,0.361
24-18,,,,0.384,0.425,,,,,0.423,0.394,,,0.398,0.314,,,0.416,,0.384,,,,,,0.36,,,,,0,0.4045,0.4085,0.376,0.384,0.36
24-19,,,,0.384,0.425,,,,,0.422,0.392,,,0.398,0.314,,,0.416,,0.384,,,,,,0.36,,,,,0,0.4045,0.407,0.376,0.384,0.36
24-20,,,,0.383,0.424,,,,,0.42,0.392,,,0.398,0.313,,,0.415,,0.383,,,,,,0.36,,,,,0,0.4035,0.406,0.375333333,0.383,0.36
24-21,,,,0.382,0.424,,,,,0.421,0.392,,,0.397,0.312,,,0.416,,0.383,,,,,,0.36,,,,,0,0.403,0.4065,0.375,0.383,0.36
24-22,,,,0.382,0.424,,,,,0.419,0.39,,,0.397,0.312,,,0.415,,0.384,,,,,,0.36,,,,,0,0.403,0.4045,0.374666667,0.384,0.36
24-23,,,,0.383,0.423,,,,,0.42,0.39,,,0.397,0.312,,,0.415,,0.383,,,,,,0.359,,,,,0,0.403,0.405,0.374666667,0.383,0.359
25-00,,,,0.383,0.423,,,,,0.419,0.391,,,0.397,0.312,,,0.415,,0.384,,,,,,0.36,,,,,0,0.403,0.405,0.374666667,0.384,0.36
25-01,,,,0.383,0.423,,,,,0.419,0.39,,,0.397,0.312,,,0.415,,0.383,,,,,,0.359,,,,,0,0.403,0.4045,0.374666667,0.383,0.359
25-02,,,,0.383,0.423,,,,,0.418,0.39,,,0.397,0.312,,,0.414,,0.384,,,,,,0.36,,,,,0,0.403,0.404,0.374333333,0.384,0.36
25-03,,,,0.384,0.423,,,,,0.418,0.39,,,0.397,0.312,,,0.415,,0.384,,,,,,0.36,,,,,0,0.4035,0.404,0.374666667,0.384,0.36
25-04,,,,0.383,0.424,,,,,0.417,0.389,,,0.397,0.312,,,0.415,,0.384,,,,,,0.36,,,,,0,0.4035,0.403,0.374666667,0.384,0.36
25-05,,,,0.384,0.424,,,,,0.417,0.389,,,0.397,0.312,,,0.414,,0.383,,,,,,0.36,,,,,0,0.404,0.403,0.374333333,0.383,0.36
25-06,,,,0.384,0.424,,,,,0.418,0.389,,,0.397,0.312,,,0.415,,0.383,,,,,,0.36,,,,,0,0.404,0.4035,0.374666667,0.383,0.36
25-07,,,,0.384,0.424,,,,,0.418,0.389,,,0.397,0.312,,,0.415,,0.383,,,,,,0.36,,,,,0,0.404,0.4035,0.374666667,0.383,0.36
25-08,,,,0.384,0.424,,,,,0.419,0.389,,,0.397,0.313,,,0.415,,0.384,,,,,,0.36,,,,,0,0.404,0.404,0.375,0.384,0.36
25-09,,,,0.385,0.424,,,,,0.42,0.389,,,0.397,0.313,,,0.415,,0.384,,,,,,0.36,,,,,0,0.4045,0.4045,0.375,0.384,0.36
25-10,,,,0.385,0.424,,,,,0.419,0.389,,,0.397,0.313,,,0.415,,0.384,,,,,,0.36,,,,,0,0.4045,0.404,0.375,0.384,0.36
25-11,,,,0.385,0.424,,,,,0.419,0.389,,,0.397,0.313,,,0.415,,0.383,,,,,,0.36,,,,,0,0.4045,0.404,0.375,0.383,0.36
25-12,,,,0.385,0.424,,,,,0.419,0.389,,,0.397,0.313,,,0.415,,0.383,,,,,,0.36,,,,,0,0.4045,0.404,0.375,0.383,0.36
25-13,,,,0.385,0.424,,,,,0.419,0.389,,,0.397,0.313,,,0.415,,0.383,,,,,,0.36,,,,,0,0.4045,0.404,0.375,0.383,0.36
25-14,,,,0.386,0.424,,,,,0.419,0.389,,,0.398,0.314,,,0.415,,0.383,,,,,,0.36,,,,,0,0.405,0.404,0.375666667,0.383,0.36
25-15,,,,0.384,0.424,,,,,0.418,0.39,,,0.397,0.314,,,0.416,,0.384,,,,,,0.36,,,,,0,0.404,0.404,0.375666667,0.384,0.36
25-16,,,,0.383,0.424,,,,,0.418,0.388,,,0.398,0.314,,,0.415,,0.383,,,,,,0.36,,,,,0,0.4035,0.403,0.375666667,0.383,0.36
25-17,,,,0.381,0.423,,,,,0.418,0.388,,,0.397,0.314,,,0.415,,0.383,,,,,,0.36,,,,,0,0.402,0.403,0.375333333,0.383,0.36
25-18,,,,0.38,0.422,,,,,0.416,0.384,,,0.397,0.313,,,0.416,,0.383,,,,,,0.36,,,,,0,0.401,0.4,0.375333333,0.383,0.36
25-19,,,,0.378,0.421,,,,,0.414,0.382,,,0.397,0.312,,,0.415,,0.383,,,,,,0.359,,,,,0,0.3995,0.398,0.374666667,0.383,0.359
25-20,,,,0.377,0.42,,,,,0.412,0.38,,,0.397,0.312,,,0.415,,0.383,,,,,,0.359,,,,,0,0.3985,0.396,0.374666667,0.383,0.359
25-21,,,,0.375,0.419,,,,,0.411,0.372,,,0.397,0.311,,,0.414,,0.383,,,,,,0.359,,,,,0,0.397,0.3915,0.374,0.383,0.359
25-22,,,,0.374,0.418,,,,,0.41,0.366,,,0.396,0.311,,,0.415,,0.383,,,,,,0.359,,,,,0,0.396,0.388,0.374,0.383,0.359
25-23,,,,0.374,0.417,,,,,0.408,0.364,,,0.396,0.312,,,0.414,,0.384,,,,,,0.359,,,,,0,0.3955,0.386,0.374,0.384,0.359
26-00,,,,0.374,0.416,,,,,0.405,0.363,,,0.396,0.312,,,0.413,,0.383,,,,,,0.359,,,,,0,0.395,0.384,0.373666667,0.383,0.359
26-01,,,,0.374,0.414,,,,,0.403,0.361,,,0.396,0.312,,,0.414,,0.383,,,,,,0.359,,,,,0,0.394,0.382,0.374,0.383,0.359
26-02,,,,0.374,0.413,,,,,0.402,0.36,,,0.396,0.312,,,0.414,,0.383,,,,,,0.359,,,,,0,0.3935,0.381,0.374,0.383,0.359
26-03,,,,0.374,0.412,,,,,0.4,0.36,,,0.396,0.311,,,0.413,,0.383,,,,,,0.359,,,,,0,0.393,0.38,0.373333333,0.383,0.359
26-04,,,,0.375,0.411,,,,,0.4,0.359,,,0.396,0.311,,,0.413,,0.383,,,,,,0.359,,,,,0,0.393,0.3795,0.373333333,0.383,0.359
26-05,,,,0.375,0.411,,,,,0.399,0.359,,,0.396,0.312,,,0.413,,0.382,,,,,,0.359,,,,,0,0.393,0.379,0.373666667,0.382,0.359
26-06,,,,0.375,0.411,,,,,0.4,0.358,,,0.396,0.312,,,0.413,,0.383,,,,,,0.359,,,,,0,0.393,0.379,0.373666667,0.383,0.359
26-07,,,,0.375,0.411,,,,,0.4,0.357,,,0.396,0.312,,,0.414,,0.382,,,,,,0.359,,,,,0,0.393,0.3785,0.374,0.382,0.359
26-08,,,,0.376,0.411,,,,,0.4,0.358,,,0.396,0.312,,,0.413,,0.383,,,,,,0.359,,,,,0,0.3935,0.379,0.373666667,0.383,0.359
26-09,,,,0.375,0.411,,,,,0.399,0.358,,,0.396,0.313,,,0.413,,0.382,,,,,,0.359,,,,,0,0.393,0.3785,0.374,0.382,0.359
26-10,,,,0.375,0.411,,,,,0.4,0.357,,,0.396,0.312,,,0.414,,0.383,,,,,,0.359,,,,,0,0.393,0.3785,0.374,0.383,0.359
26-11,,,,0.376,0.41,,,,,0.4,0.356,,,0.396,0.313,,,0.414,,0.383,,,,,,0.359,,,,,0,0.393,0.378,0.374333333,0.383,0.359
26-12,,,,0.376,0.408,,,,,0.4,0.356,,,0.397,0.314,,,0.413,,0.383,,,,,,0.359,,,,,0,0.392,0.378,0.374666667,0.383,0.359
26-13,,,,0.376,0.408,,,,,0.399,0.356,,,0.397,0.314,,,0.414,,0.383,,,,,,0.359,,,,,0,0.392,0.3775,0.375,0.383,0.359
26-14,,,,0.375,0.407,,,,,0.399,0.356,,,0.397,0.314,,,0.414,,0.383,,,,,,0.359,,,,,0,0.391,0.3775,0.375,0.383,0.359
26-15,,,,0.374,0.406,,,,,0.399,0.355,,,0.397,0.314,,,0.414,,0.383,,,,,,0.359,,,,,0,0.39,0.377,0.375,0.383,0.359
26-16,,,,0.371,0.405,,,,,0.398,0.354,,,0.397,0.314,,,0.414,,0.383,,,,,,0.359,,,,,0,0.388,0.376,0.375,0.383,0.359
26-17,,,,0.368,0.403,,,,,0.398,0.353,,,0.397,0.314,,,0.414,,0.383,,,,,,0.359,,,,,0,0.3855,0.3755,0.375,0.383,0.359
26-18,,,,0.367,0.401,,,,,0.397,0.352,,,0.397,0.314,,,0.414,,0.383,,,,,,0.359,,,,,0,0.384,0.3745,0.375,0.383,0.359
26-19,,,,0.365,0.398,,,,,0.395,0.35,,,0.397,0.313,,,0.414,,0.383,,,,,,0.359,,,,,0,0.3815,0.3725,0.374666667,0.383,0.359
26-20,,,,0.364,0.396,,,,,0.394,0.348,,,0.396,0.312,,,0.414,,0.383,,,,,,0.359,,,,,0,0.38,0.371,0.374,0.383,0.359
26-21,,,,0.364,0.393,,,,,0.393,0.347,,,0.396,0.312,,,0.413,,0.383,,,,,,0.358,,,,,0,0.3785,0.37,0.373666667,0.383,0.358
26-22,,,,0.363,0.391,,,,,0.392,0.346,,,0.396,0.312,,,0.413,,0.383,,,,,,0.359,,,,,0,0.377,0.369,0.373666667,0.383,0.359
26-23,,,,0.363,0.39,,,,,0.392,0.345,,,0.396,0.311,,,0.412,,0.383,,,,,,0.358,,,,,0,0.3765,0.3685,0.373,0.383,0.358
27-00,,,,0.363,0.389,,,,,0.391,0.344,,,0.396,0.311,,,0.413,,0.383,,,,,,0.358,,,,,0,0.376,0.3675,0.373333333,0.383,0.358
27-01,,,,0.363,0.388,,,,,0.39,0.345,,,0.396,0.311,,,0.412,,0.383,,,,,,0.359,,,,,0,0.3755,0.3675,0.373,0.383,0.359
27-02,,,,0.363,0.388,,,,,0.389,0.343,,,0.395,0.311,,,0.412,,0.384,,,,,,0.358,,,,,0,0.3755,0.366,0.372666667,0.384,0.358
27-03,,,,0.363,0.389,,,,,0.39,0.343,,,0.395,0.311,,,0.413,,0.383,,,,,,0.358,,,,,0,0.376,0.3665,0.373,0.383,0.358
27-04,,,,0.363,0.389,,,,,0.389,0.343,,,0.396,0.312,,,0.413,,0.383,,,,,,0.358,,,,,0,0.376,0.366,0.373666667,0.383,0.358
27-05,,,,0.363,0.389,,,,,0.39,0.343,,,0.396,0.312,,,0.412,,0.383,,,,,,0.358,,,,,0,0.376,0.3665,0.373333333,0.383,0.358
27-06,,,,0.364,0.389,,,,,0.39,0.343,,,0.395,0.312,,,0.413,,0.383,,,,,,0.358,,,,,0,0.3765,0.3665,0.373333333,0.383,0.358
27-07,,,,0.363,0.388,,,,,0.39,0.343,,,0.396,0.312,,,0.412,,0.383,,,,,,0.358,,,,,0,0.3755,0.3665,0.373333333,0.383,0.358
27-08,,,,0.363,0.389,,,,,0.39,0.342,,,0.396,0.312,,,0.412,,0.383,,,,,,0.358,,,,,0,0.376,0.366,0.373333333,0.383,0.358
27-09,,,,0.363,0.388,,,,,0.39,0.342,,,0.396,0.312,,,0.413,,0.383,,,,,,0.358,,,,,0,0.3755,0.366,0.373666667,0.383,0.358
27-10,,,,0.364,0.389,,,,,0.39,0.342,,,0.396,0.312,,,0.413,,0.383,,,,,,0.358,,,,,0,0.3765,0.366,0.373666667,0.383,0.358
27-11,,,,0.364,0.389,,,,,0.39,0.343,,,0.396,0.312,,,0.413,,0.384,,,,,,0.358,,,,,0,0.3765,0.3665,0.373666667,0.384,0.358
27-12,,,,0.363,0.389,,,,,0.39,0.342,,,0.396,0.312,,,0.413,,0.384,,,,,,0.358,,,,,0,0.376,0.366,0.373666667,0.384,0.358
27-13,,,,0.363,0.389,,,,,0.39,0.342,,,0.397,0.313,,,0.413,,0.384,,,,,,0.358,,,,,0,0.376,0.366,0.374333333,0.384,0.358
27-14,,,,0.362,0.388,,,,,0.39,0.343,,,0.397,0.313,,,0.414,,0.384,,,,,,0.358,,,,,0,0.375,0.3665,0.374666667,0.384,0.358
27-15,,,,0.361,0.388,,,,,0.39,0.343,,,0.397,0.313,,,0.413,,0.383,,,,,,0.358,,,,,0,0.3745,0.3665,0.374333333,0.383,0.358
27-16,,,,0.361,0.386,,,,,0.389,0.342,,,0.397,0.312,,,0.413,,0.383,,,,,,0.358,,,,,0,0.3735,0.3655,0.374,0.383,0.358
27-17,,,,0.36,0.383,,,,,0.388,0.342,,,0.397,0.312,,,0.413,,0.384,,,,,,0.358,,,,,0,0.3715,0.365,0.374,0.384,0.358
27-18,,,,0.359,0.381,,,,,0.387,0.34,,,0.397,0.312,,,0.413,,0.384,,,,,,0.358,,,,,0,0.37,0.3635,0.374,0.384,0.358
27-19,,,,0.358,0.379,,,,,0.385,0.34,,,0.396,0.311,,,0.413,,0.383,,,,,,0.357,,,,,0,0.3685,0.3625,0.373333333,0.383,0.357
27-20,,,,0.357,0.377,,,,,0.384,0.338,,,0.396,0.312,,,0.413,,0.383,,,,,,0.357,,,,,0,0.367,0.361,0.373666667,0.383,0.357
27-21,,,,0.357,0.375,,,,,0.382,0.337,,,0.396,0.311,,,0.413,,0.383,,,,,,0.357,,,,,0,0.366,0.3595,0.373333333,0.383,0.357
27-22,,,,0.357,0.374,,,,,0.381,0.336,,,0.396,0.311,,,0.413,,0.383,,,,,,0.357,,,,,0,0.3655,0.3585,0.373333333,0.383,0.357
27-23,,,,0.357,0.374,,,,,0.379,0.335,,,0.395,0.311,,,0.413,,0.383,,,,,,0.357,,,,,0,0.3655,0.357,0.373,0.383,0.357
28-00,,,,0.357,0.373,,,,,0.379,0.335,,,0.396,0.311,,,0.412,,0.384,,,,,,0.357,,,,,0,0.365,0.357,0.373,0.384,0.357
28-01,,,,0.357,0.372,,,,,0.378,0.334,,,0.395,0.31,,,0.412,,0.384,,,,,,0.357,,,,,0,0.3645,0.356,0.372333333,0.384,0.357
28-02,,,,0.357,0.373,,,,,0.378,0.334,,,0.395,0.311,,,0.411,,0.384,,,,,,0.357,,,,,0,0.365,0.356,0.372333333,0.384,0.357
28-03,,,,0.357,0.372,,,,,0.377,0.334,,,0.395,0.311,,,0.413,,0.383,,,,,,0.357,,,,,0,0.3645,0.3555,0.373,0.383,0.357
28-04,,,,0.357,0.372,,,,,0.377,0.333,,,0.396,0.311,,,0.411,,0.383,,,,,,0.357,,,,,0,0.3645,0.355,0.372666667,0.383,0.357
28-05,,,,0.357,0.372,,,,,0.377,0.333,,,0.395,0.311,,,0.411,,0.383,,,,,,0.357,,,,,0,0.3645,0.355,0.372333333,0.383,0.357
28-06,,,,0.357,0.372,,,,,0.378,0.333,,,0.396,0.31,,,0.412,,0.383,,,,,,0.357,,,,,0,0.3645,0.3555,0.372666667,0.383,0.357
28-07,,,,0.358,0.372,,,,,0.378,0.333,,,0.396,0.311,,,0.412,,0.383,,,,,,0.357,,,,,0,0.365,0.3555,0.373,0.383,0.357
28-08,,,,0.357,0.372,,,,,0.378,0.333,,,0.396,0.311,,,0.412,,0.383,,,,,,0.357,,,,,0,0.3645,0.3555,0.373,0.383,0.357
28-09,,,,0.357,0.372,,,,,0.378,0.333,,,0.396,0.312,,,0.412,,0.383,,,,,,0.357,,,,,0,0.3645,0.3555,0.373333333,0.383,0.357
28-10,,,,0.357,0.372,,,,,0.378,0.333,,,0.396,0.312,,,0.412,,0.383,,,,,,0.357,,,,,0,0.3645,0.3555,0.373333333,0.383,0.357
28-11,,,,0.357,0.372,,,,,0.378,0.332,,,0.396,0.312,,,0.412,,0.383,,,,,,0.357,,,,,0,0.3645,0.355,0.373333333,0.383,0.357
28-12,,,,0.357,0.371,,,,,0.379,0.332,,,0.396,0.311,,,0.412,,0.383,,,,,,0.357,,,,,0,0.364,0.3555,0.373,0.383,0.357
28-13,,,,0.357,0.37,,,,,0.379,0.333,,,0.396,0.311,,,0.412,,0.383,,,,,,0.357,,,,,0,0.3635,0.356,0.373,0.383,0.357
28-14,,,,0.357,0.369,,,,,0.377,0.332,,,0.397,0.311,,,0.413,,0.383,,,,,,0.357,,,,,0,0.363,0.3545,0.373666667,0.383,0.357
28-15,,,,0.357,0.368,,,,,0.377,0.331,,,0.396,0.311,,,0.413,,0.383,,,,,,0.358,,,,,0,0.3625,0.354,0.373333333,0.383,0.358
28-16,,,,0.355,0.365,,,,,0.375,0.33,,,0.396,0.311,,,0.413,,0.384,,,,,,0.357,,,,,0,0.36,0.3525,0.373333333,0.384,0.357
28-17,,,,0.354,0.364,,,,,0.374,0.329,,,0.396,0.311,,,0.413,,0.383,,,,,,0.357,,,,,0,0.359,0.3515,0.373333333,0.383,0.357
28-18,,,,0.353,0.361,,,,,0.373,0.327,,,0.396,0.311,,,0.413,,0.383,,,,,,0.357,,,,,0,0.357,0.35,0.373333333,0.383,0.357
28-19,,,,0.351,0.358,,,,,0.372,0.326,,,0.395,0.311,,,0.412,,0.383,,,,,,0.357,,,,,0,0.3545,0.349,0.372666667,0.383,0.357
28-20,,,,0.349,0.356,,,,,0.372,0.323,,,0.395,0.311,,,0.412,,0.383,,,,,,0.357,,,,,0,0.3525,0.3475,0.372666667,0.383,0.357
28-21,,,,0.348,0.354,,,,,0.371,0.322,,,0.395,0.311,,,0.412,,0.384,,,,,,0.357,,,,,0,0.351,0.3465,0.372666667,0.384,0.357
28-22,,,,0.347,0.353,,,,,0.37,0.32,,,0.395,0.311,,,0.412,,0.383,,,,,,0.357,,,,,0,0.35,0.345,0.372666667,0.383,0.357
28-23,,,,0.347,0.352,,,,,0.37,0.319,,,0.395,0.31,,,0.412,,0.383,,,,,,0.357,,,,,0,0.3495,0.3445,0.372333333,0.383,0.357
29-00,,,,0.347,0.352,,,,,0.368,0.318,,,0.395,0.311,,,0.41,,0.383,,,,,,0.357,,,,,0,0.3495,0.343,0.372,0.383,0.357
29-01,,,,0.347,0.352,,,,,0.368,0.318,,,0.395,0.31,,,0.411,,0.383,,,,,,0.357,,,,,0,0.3495,0.343,0.372,0.383,0.357
29-02,,,,0.347,0.351,,,,,0.369,0.317,,,0.395,0.31,,,0.411,,0.383,,,,,,0.357,,,,,0,0.349,0.343,0.372,0.383,0.357
29-03,,,,0.347,0.35,,,,,0.368,0.316,,,0.395,0.31,,,0.411,,0.383,,,,,,0.357,,,,,0,0.3485,0.342,0.372,0.383,0.357
29-04,,,,0.347,0.35,,,,,0.367,0.317,,,0.395,0.31,,,0.411,,0.383,,,,,,0.357,,,,,0,0.3485,0.342,0.372,0.383,0.357
29-05,,,,0.347,0.35,,,,,0.367,0.315,,,0.396,0.31,,,0.412,,0.382,,,,,,0.357,,,,,0,0.3485,0.341,0.372666667,0.382,0.357
29-06,,,,0.347,0.35,,,,,0.368,0.315,,,0.395,0.31,,,0.411,,0.383,,,,,,0.357,,,,,0,0.3485,0.3415,0.372,0.383,0.357
29-07,,,,0.347,0.35,,,,,0.367,0.315,,,0.395,0.31,,,0.411,,0.383,,,,,,0.357,,,,,0,0.3485,0.341,0.372,0.383,0.357
29-08,,,,0.347,0.35,,,,,0.368,0.315,,,0.395,0.311,,,0.411,,0.382,,,,,,0.357,,,,,0,0.3485,0.3415,0.372333333,0.382,0.357
29-09,,,,0.347,0.35,,,,,0.368,0.315,,,0.395,0.311,,,0.411,,0.383,,,,,,0.357,,,,,0,0.3485,0.3415,0.372333333,0.383,0.357
29-10,,,,0.347,0.351,,,,,0.369,0.315,,,0.395,0.311,,,0.412,,0.383,,,,,,0.357,,,,,0,0.349,0.342,0.372666667,0.383,0.357
29-11,,,,0.347,0.35,,,,,0.369,0.316,,,0.396,0.311,,,0.411,,0.383,,,,,,0.357,,,,,0,0.3485,0.3425,0.372666667,0.383,0.357
29-12,,,,0.346,0.35,,,,,0.369,0.315,,,0.396,0.311,,,0.412,,0.383,,,,,,0.357,,,,,0,0.348,0.342,0.373,0.383,0.357
29-13,,,,0.347,0.351,,,,,0.368,0.315,,,0.395,0.311,,,0.412,,0.383,,,,,,0.356,,,,,0,0.349,0.3415,0.372666667,0.383,0.356
29-14,,,,0.347,0.35,,,,,0.368,0.314,,,0.395,0.311,,,0.412,,0.383,,,,,,0.357,,,,,0,0.3485,0.341,0.372666667,0.383,0.357
29-15,,,,0.346,0.349,,,,,0.368,0.313,,,0.396,0.312,,,0.412,,0.383,,,,,,0.357,,,,,0,0.3475,0.3405,0.373333333,0.383,0.357
29-16,,,,0.345,0.348,,,,,0.367,0.313,,,0.396,0.311,,,0.412,,0.383,,,,,,0.356,,,,,0,0.3465,0.34,0.373,0.383,0.356
29-17,,,,0.345,0.347,,,,,0.367,0.312,,,0.395,0.311,,,0.412,,0.383,,,,,,0.357,,,,,0,0.346,0.3395,0.372666667,0.383,0.357
29-18,,,,0.345,0.347,,,,,0.366,0.312,,,0.396,0.311,,,0.411,,0.383,,,,,,0.357,,,,,0,0.346,0.339,0.372666667,0.383,0.357
29-19,,,,0.345,0.346,,,,,0.365,0.311,,,0.395,0.311,,,0.412,,0.383,,,,,,0.357,,,,,0,0.3455,0.338,0.372666667,0.383,0.357
29-20,,,,0.343,0.345,,,,,0.365,0.31,,,0.395,0.311,,,0.412,,0.383,,,,,,0.357,,,,,0,0.344,0.3375,0.372666667,0.383,0.357
29-21,,,,0.343,0.344,,,,,0.365,0.31,,,0.395,0.311,,,0.412,,0.383,,,,,,0.356,,,,,0,0.3435,0.3375,0.372666667,0.383,0.356
29-22,,,,0.343,0.344,,,,,0.365,0.311,,,0.395,0.311,,,0.411,,0.383,,,,,,0.356,,,,,0,0.3435,0.338,0.372333333,0.383,0.356
29-23,,,,0.343,0.344,,,,,0.365,0.311,,,0.396,0.311,,,0.412,,0.383,,,,,,0.356,,,,,0,0.3435,0.338,0.373,0.383,0.356
30-00,,,,0.343,0.345,,,,,0.365,0.309,,,0.395,0.311,,,0.412,,0.383,,,,,,0.356,,,,,0,0.344,0.337,0.372666667,0.383,0.356
30-01,,,,0.344,0.344,,,,,0.364,0.309,,,0.395,0.311,,,0.412,,0.383,,,,,,0.356,,,,,0,0.344,0.3365,0.372666667,0.383,0.356
30-02,,,,0.344,0.344,,,,,0.364,0.308,,,0.396,0.311,,,0.413,,0.383,,,,,,0.356,,,,,0,0.344,0.336,0.373333333,0.383,0.356
30-03,,,,0.343,0.343,,,,,0.364,0.308,,,0.395,0.311,,,0.411,,0.383,,,,,,0.357,,,,,0,0.343,0.336,0.372333333,0.383,0.357
30-04,,,,0.343,0.343,,,,,0.363,0.307,,,0.395,0.311,,,0.412,,0.383,,,,,,0.357,,,,,0,0.343,0.335,0.372666667,0.383,0.357
30-05,,,,0.343,0.343,,,,,0.364,0.307,,,0.396,0.311,,,0.412,,0.383,,,,,,0.357,,,,,0,0.343,0.3355,0.373,0.383,0.357
30-06,,,,0.343,0.343,,,,,0.364,0.307,,,0.395,0.311,,,0.412,,0.383,,,,,,0.357,,,,,0,0.343,0.3355,0.372666667,0.383,0.357
30-07,,,,0.343,0.343,,,,,0.364,0.307,,,0.396,0.311,,,0.411,,0.383,,,,,,0.357,,,,,0,0.343,0.3355,0.372666667,0.383,0.357
30-08,,,,0.343,0.343,,,,,0.364,0.307,,,0.395,0.311,,,0.411,,0.383,,,,,,0.356,,,,,0,0.343,0.3355,0.372333333,0.383,0.356
30-09,,,,0.343,0.343,,,,,0.365,0.307,,,0.395,0.311,,,0.412,,0.383,,,,,,0.356,,,,,0,0.343,0.336,0.372666667,0.383,0.356
30-10,,,,0.344,0.344,,,,,0.365,0.307,,,0.396,0.311,,,0.412,,0.383,,,,,,0.356,,,,,0,0.344,0.336,0.373,0.383,0.356
30-11,,,,0.344,0.344,,,,,0.365,0.307,,,0.395,0.312,,,0.412,,0.383,,,,,,0.356,,,,,0,0.344,0.336,0.373,0.383,0.356
30-12,,,,0.344,0.343,,,,,0.364,0.307,,,0.396,0.311,,,0.412,,0.383,,,,,,0.357,,,,,0,0.3435,0.3355,0.373,0.383,0.357
30-13,,,,0.344,0.343,,,,,0.364,0.307,,,0.396,0.312,,,0.412,,0.383,,,,,,0.356,,,,,0,0.3435,0.3355,0.373333333,0.383,0.356
30-14,,,,0.343,0.343,,,,,0.364,0.307,,,0.396,0.312,,,0.412,,0.383,,,,,,0.356,,,,,0,0.343,0.3355,0.373333333,0.383,0.356
30-15,,,,0.343,0.343,,,,,0.364,0.307,,,0.396,0.312,,,0.413,,0.383,,,,,,0.356,,,,,0,0.343,0.3355,0.373666667,0.383,0.356
30-16,,,,0.342,0.342,,,,,0.364,0.305,,,0.396,0.312,,,0.412,,0.383,,,,,,0.356,,,,,0,0.342,0.3345,0.373333333,0.383,0.356
30-17,,,,0.342,0.341,,,,,0.363,0.305,,,0.396,0.312,,,0.413,,0.383,,,,,,0.356,,,,,0,0.3415,0.334,0.373666667,0.383,0.356
30-18,,,,0.341,0.34,,,,,0.362,0.304,,,0.395,0.312,,,0.413,,0.383,,,,,,0.356,,,,,0,0.3405,0.333,0.373333333,0.383,0.356
30-19,,,,0.341,0.339,,,,,0.362,0.303,,,0.395,0.311,,,0.413,,0.383,,,,,,0.356,,,,,0,0.34,0.3325,0.373,0.383,0.356
30-20,,,,0.34,0.34,,,,,0.362,0.303,,,0.396,0.311,,,0.412,,0.383,,,,,,0.356,,,,,0,0.34,0.3325,0.373,0.383,0.356
30-21,,,,0.34,0.34,,,,,0.362,0.303,,,0.395,0.311,,,0.412,,0.383,,,,,,0.356,,,,,0,0.34,0.3325,0.372666667,0.383,0.356
30-22,,,,0.34,0.339,,,,,0.362,0.303,,,0.395,0.311,,,0.412,,0.383,,,,,,0.356,,,,,0,0.3395,0.3325,0.372666667,0.383,0.356
30-23,,,,0.34,0.339,,,,,0.361,0.303,,,0.395,0.311,,,0.412,,0.383,,,,,,0.356,,,,,0,0.3395,0.332,0.372666667,0.383,0.356