,DAY_HOUR,H_M1005,A_M1005,H_M2005,A_M2005,H_M3005,A_M3005,H_M1010,A_M1010,H_M2010,A_M2010,H_M3010,A_M3010,H_M1020,A_M1020,H_M2020,A_M2020,H_M3020,A_M3020,H_M1050,A_M1050,H_M2050,A_M2050,H_M3050,A_M3050,H_M1100,A_M1100,H_M2100,A_M2100,H_M3100,A_M3100,P_OFFICIAL,MEAN_M_5,MEAN_M_10,MEAN_M_20,MEAN_M_50,MEAN_M_100
0,01-00,,,,0.197,0.163,,,,,0.191,0.161,,,0.305,0.216,,,0.32,,0.38,,,,,,0.34,,,,,0.0,0.18,0.176,0.2803333333333333,0.38,0.34
1,01-01,,,,0.197,0.163,,,,,0.191,0.162,,,0.302,0.215,,,0.318,,0.38,,,,,,0.34,,,,,0.0,0.18,0.1765,0.2783333333333333,0.38,0.34
2,01-02,,,,0.197,0.164,,,,,0.19,0.162,,,0.302,0.215,,,0.317,,0.38,,,,,,0.34,,,,,0.0,0.1805,0.176,0.278,0.38,0.34
3,01-03,,,,0.197,0.164,,,,,0.191,0.162,,,0.3,0.213,,,0.316,,0.38,,,,,,0.34,,,,,0.0,0.1805,0.1765,0.2763333333333333,0.38,0.34
4,01-04,,,,0.197,0.164,,,,,0.191,0.162,,,0.3,0.213,,,0.316,,0.38,,,,,,0.34,,,,,0.0,0.1805,0.1765,0.2763333333333333,0.38,0.34
5,01-05,,,,0.197,0.165,,,,,0.191,0.162,,,0.299,0.213,,,0.316,,0.38,,,,,,0.34,,,,,0.0,0.181,0.1765,0.276,0.38,0.34
6,01-06,,,,0.197,0.164,,,,,0.191,0.163,,,0.299,0.213,,,0.315,,0.38,,,,,,0.34,,,,,0.2,0.1805,0.177,0.2756666666666667,0.38,0.34
7,01-07,,,,0.197,0.164,,,,,0.191,0.163,,,0.298,0.213,,,0.315,,0.38,,,,,,0.34,,,,,0.0,0.1805,0.177,0.2753333333333334,0.38,0.34
8,01-08,,,,0.197,0.164,,,,,0.191,0.163,,,0.297,0.213,,,0.316,,0.38,,,,,,0.34,,,,,0.0,0.1805,0.177,0.2753333333333334,0.38,0.34
9,01-09,,,,0.197,0.165,,,,,0.191,0.164,,,0.297,0.214,,,0.316,,0.381,,,,,,0.34,,,,,0.0,0.181,0.1775,0.2756666666666667,0.381,0.34
10,01-10,,,,0.197,0.165,,,,,0.191,0.164,,,0.298,0.214,,,0.315,,0.38,,,,,,0.34,,,,,0.0,0.181,0.1775,0.2756666666666667,0.38,0.34
11,01-11,,,,0.198,0.165,,,,,0.191,0.164,,,0.296,0.213,,,0.316,,0.38,,,,,,0.34,,,,,0.0,0.1815,0.1775,0.275,0.38,0.34
12,01-12,,,,0.198,0.164,,,,,0.191,0.164,,,0.296,0.213,,,0.316,,0.381,,,,,,0.34,,,,,0.0,0.181,0.1775,0.275,0.381,0.34
13,01-13,,,,0.197,0.164,,,,,0.191,0.163,,,0.297,0.213,,,0.316,,0.381,,,,,,0.34,,,,,0.2,0.1805,0.177,0.2753333333333334,0.381,0.34
14,01-14,,,,0.197,0.164,,,,,0.191,0.162,,,0.295,0.212,,,0.316,,0.381,,,,,,0.34,,,,,0.0,0.1805,0.1765,0.2743333333333333,0.381,0.34
15,01-15,,,,0.196,0.163,,,,,0.191,0.162,,,0.293,0.211,,,0.315,,0.381,,,,,,0.34,,,,,0.0,0.1795,0.1765,0.273,0.381,0.34
16,01-16,,,,0.195,0.162,,,,,0.19,0.161,,,0.29,0.209,,,0.313,,0.381,,,,,,0.34,,,,,0.0,0.1785,0.1755,0.2706666666666667,0.381,0.34
17,01-17,,,,0.193,0.16,,,,,0.19,0.159,,,0.289,0.207,,,0.31,,0.381,,,,,,0.34,,,,,0.0,0.1765,0.1745,0.2686666666666667,0.381,0.34
18,01-18,,,,0.191,0.158,,,,,0.189,0.158,,,0.288,0.206,,,0.307,,0.381,,,,,,0.339,,,,,0.0,0.1745,0.1735,0.267,0.381,0.339
19,01-19,,,,0.189,0.156,,,,,0.188,0.157,,,0.286,0.205,,,0.303,,0.381,,,,,,0.34,,,,,0.0,0.1725,0.1725,0.2646666666666667,0.381,0.34
20,01-20,,,,0.188,0.155,,,,,0.187,0.156,,,0.284,0.203,,,0.299,,0.381,,,,,,0.34,,,,,0.0,0.1715,0.1715,0.262,0.381,0.34
21,01-21,,,,0.187,0.154,,,,,0.187,0.155,,,0.282,0.201,,,0.295,,0.381,,,,,,0.339,,,,,0.0,0.1705,0.171,0.2593333333333334,0.381,0.339
22,01-22,,,,0.187,0.153,,,,,0.185,0.154,,,0.281,0.2,,,0.293,,0.381,,,,,,0.339,,,,,0.0,0.17,0.1695,0.258,0.381,0.339
23,01-23,,,,0.187,0.153,,,,,0.185,0.152,,,0.28,0.199,,,0.292,,0.381,,,,,,0.339,,,,,0.0,0.17,0.1685,0.257,0.381,0.339
24,02-00,,,,0.187,0.153,,,,,0.185,0.154,,,0.28,0.199,,,0.291,,0.381,,,,,,0.338,,,,,0.0,0.17,0.1695,0.2566666666666667,0.381,0.338
25,02-01,,,,0.187,0.154,,,,,0.186,0.156,,,0.279,0.198,,,0.291,,0.381,,,,,,0.339,,,,,0.0,0.1705,0.171,0.256,0.381,0.339
26,02-02,,,,0.187,0.153,,,,,0.185,0.156,,,0.279,0.198,,,0.289,,0.381,,,,,,0.339,,,,,0.0,0.17,0.1705,0.2553333333333334,0.381,0.339
27,02-03,,,,0.187,0.154,,,,,0.185,0.156,,,0.278,0.198,,,0.289,,0.381,,,,,,0.339,,,,,0.0,0.1705,0.1705,0.255,0.381,0.339
28,02-04,,,,0.187,0.154,,,,,0.185,0.156,,,0.278,0.197,,,0.288,,0.381,,,,,,0.339,,,,,0.0,0.1705,0.1705,0.2543333333333334,0.381,0.339
29,02-05,,,,0.187,0.154,,,,,0.185,0.155,,,0.277,0.198,,,0.288,,0.381,,,,,,0.339,,,,,0.0,0.1705,0.17,0.2543333333333334,0.381,0.339
30,02-06,,,,0.187,0.154,,,,,0.186,0.155,,,0.277,0.197,,,0.288,,0.381,,,,,,0.339,,,,,0.0,0.1705,0.1705,0.254,0.381,0.339
31,02-07,,,,0.187,0.156,,,,,0.186,0.155,,,0.278,0.198,,,0.288,,0.381,,,,,,0.339,,,,,0.0,0.1715,0.1705,0.2546666666666667,0.381,0.339
32,02-08,,,,0.188,0.156,,,,,0.186,0.154,,,0.277,0.199,,,0.288,,0.382,,,,,,0.338,,,,,0.0,0.172,0.17,0.2546666666666667,0.382,0.338
33,02-09,,,,0.188,0.157,,,,,0.186,0.155,,,0.277,0.197,,,0.289,,0.381,,,,,,0.338,,,,,0.0,0.1725,0.1705,0.2543333333333334,0.381,0.338
34,02-10,,,,0.188,0.157,,,,,0.186,0.155,,,0.278,0.199,,,0.288,,0.381,,,,,,0.339,,,,,0.0,0.1725,0.1705,0.255,0.381,0.339
35,02-11,,,,0.188,0.156,,,,,0.186,0.155,,,0.277,0.197,,,0.288,,0.381,,,,,,0.339,,,,,0.0,0.172,0.1705,0.254,0.381,0.339
36,02-12,,,,0.188,0.156,,,,,0.186,0.155,,,0.277,0.198,,,0.289,,0.381,,,,,,0.339,,,,,0.0,0.172,0.1705,0.2546666666666667,0.381,0.339
37,02-13,,,,0.188,0.156,,,,,0.186,0.155,,,0.277,0.197,,,0.288,,0.381,,,,,,0.339,,,,,0.0,0.172,0.1705,0.254,0.381,0.339
38,02-14,,,,0.187,0.154,,,,,0.186,0.155,,,0.276,0.197,,,0.288,,0.381,,,,,,0.339,,,,,0.0,0.1705,0.1705,0.2536666666666667,0.381,0.339
39,02-15,,,,0.187,0.154,,,,,0.186,0.153,,,0.275,0.196,,,0.287,,0.381,,,,,,0.339,,,,,0.0,0.1705,0.1695,0.2526666666666667,0.381,0.339
40,02-16,,,,0.185,0.153,,,,,0.185,0.153,,,0.274,0.194,,,0.285,,0.381,,,,,,0.339,,,,,0.0,0.169,0.169,0.251,0.381,0.339
41,02-17,,,,0.183,0.151,,,,,0.184,0.151,,,0.272,0.192,,,0.284,,0.381,,,,,,0.339,,,,,0.0,0.167,0.1675,0.2493333333333333,0.381,0.339
42,02-18,,,,0.182,0.15,,,,,0.183,0.149,,,0.27,0.192,,,0.282,,0.381,,,,,,0.339,,,,,0.0,0.166,0.166,0.248,0.381,0.339
43,02-19,,,,0.181,0.148,,,,,0.182,0.149,,,0.269,0.19,,,0.281,,0.382,,,,,,0.338,,,,,0.0,0.1645,0.1655,0.2466666666666667,0.382,0.338
44,02-20,,,,0.179,0.147,,,,,0.181,0.147,,,0.268,0.188,,,0.279,,0.381,,,,,,0.338,,,,,0.0,0.163,0.164,0.245,0.381,0.338
45,02-21,,,,0.179,0.146,,,,,0.18,0.147,,,0.267,0.187,,,0.277,,0.381,,,,,,0.338,,,,,0.0,0.1625,0.1635,0.2436666666666667,0.381,0.338
46,02-22,,,,0.179,0.146,,,,,0.179,0.148,,,0.264,0.185,,,0.275,,0.381,,,,,,0.338,,,,,0.0,0.1625,0.1635,0.2413333333333333,0.381,0.338
47,02-23,,,,0.179,0.146,,,,,0.178,0.146,,,0.263,0.185,,,0.273,,0.381,,,,,,0.338,,,,,0.0,0.1625,0.162,0.2403333333333334,0.381,0.338
48,03-00,,,,0.179,0.146,,,,,0.177,0.145,,,0.262,0.184,,,0.272,,0.381,,,,,,0.338,,,,,0.0,0.1625,0.161,0.2393333333333333,0.381,0.338
49,03-01,,,,0.179,0.147,,,,,0.178,0.147,,,0.261,0.184,,,0.271,,0.381,,,,,,0.338,,,,,0.0,0.163,0.1625,0.2386666666666667,0.381,0.338
50,03-02,,,,0.179,0.147,,,,,0.178,0.149,,,0.261,0.184,,,0.27,,0.381,,,,,,0.338,,,,,0.0,0.163,0.1635,0.2383333333333334,0.381,0.338
51,03-03,,,,0.179,0.147,,,,,0.178,0.149,,,0.262,0.183,,,0.27,,0.381,,,,,,0.338,,,,,0.0,0.163,0.1635,0.2383333333333334,0.381,0.338
52,03-04,,,,0.179,0.146,,,,,0.178,0.149,,,0.26,0.183,,,0.27,,0.381,,,,,,0.339,,,,,0.0,0.1625,0.1635,0.2376666666666667,0.381,0.339
53,03-05,,,,0.179,0.146,,,,,0.178,0.149,,,0.26,0.183,,,0.269,,0.381,,,,,,0.338,,,,,0.0,0.1625,0.1635,0.2373333333333333,0.381,0.338
54,03-06,,,,0.179,0.147,,,,,0.178,0.148,,,0.26,0.183,,,0.27,,0.381,,,,,,0.339,,,,,0.0,0.163,0.163,0.2376666666666667,0.381,0.339
55,03-07,,,,0.179,0.148,,,,,0.179,0.147,,,0.26,0.184,,,0.27,,0.381,,,,,,0.339,,,,,0.0,0.1635,0.163,0.238,0.381,0.339
56,03-08,,,,0.179,0.148,,,,,0.179,0.146,,,0.26,0.183,,,0.27,,0.382,,,,,,0.339,,,,,0.0,0.1635,0.1625,0.2376666666666667,0.382,0.339
57,03-09,,,,0.179,0.148,,,,,0.179,0.146,,,0.259,0.184,,,0.269,,0.381,,,,,,0.34,,,,,0.5,0.1635,0.1625,0.2373333333333333,0.381,0.34
58,03-10,,,,0.179,0.147,,,,,0.179,0.147,,,0.261,0.184,,,0.27,,0.381,,,,,,0.339,,,,,0.0,0.163,0.163,0.2383333333333334,0.381,0.339
59,03-11,,,,0.179,0.148,,,,,0.179,0.148,,,0.26,0.183,,,0.27,,0.381,,,,,,0.34,,,,,0.0,0.1635,0.1635,0.2376666666666667,0.381,0.34
60,03-12,,,,0.179,0.147,,,,,0.178,0.148,,,0.26,0.183,,,0.269,,0.381,,,,,,0.34,,,,,0.0,0.163,0.163,0.2373333333333333,0.381,0.34
61,03-13,,,,0.179,0.148,,,,,0.179,0.149,,,0.26,0.184,,,0.269,,0.381,,,,,,0.34,,,,,0.0,0.1635,0.164,0.2376666666666667,0.381,0.34
62,03-14,,,,0.179,0.147,,,,,0.179,0.148,,,0.258,0.182,,,0.269,,0.381,,,,,,0.34,,,,,0.0,0.163,0.1635,0.2363333333333334,0.381,0.34
63,03-15,,,,0.179,0.145,,,,,0.178,0.146,,,0.256,0.182,,,0.268,,0.382,,,,,,0.34,,,,,0.0,0.162,0.162,0.2353333333333333,0.382,0.34
64,03-16,,,,0.178,0.145,,,,,0.179,0.145,,,0.254,0.182,,,0.267,,0.382,,,,,,0.34,,,,,0.0,0.1615,0.162,0.2343333333333334,0.382,0.34
65,03-17,,,,0.176,0.143,,,,,0.178,0.145,,,0.252,0.179,,,0.264,,0.382,,,,,,0.34,,,,,0.0,0.1595,0.1615,0.2316666666666667,0.382,0.34
66,03-18,,,,0.174,0.142,,,,,0.176,0.143,,,0.249,0.179,,,0.262,,0.381,,,,,,0.34,,,,,0.0,0.158,0.1595,0.23,0.381,0.34
67,03-19,,,,0.173,0.14,,,,,0.175,0.142,,,0.248,0.177,,,0.26,,0.382,,,,,,0.34,,,,,0.0,0.1565,0.1585,0.2283333333333334,0.382,0.34
68,03-20,,,,0.172,0.139,,,,,0.174,0.14,,,0.246,0.176,,,0.255,,0.382,,,,,,0.339,,,,,0.0,0.1555,0.157,0.2256666666666667,0.382,0.339
69,03-21,,,,0.171,0.137,,,,,0.173,0.14,,,0.245,0.174,,,0.253,,0.382,,,,,,0.339,,,,,0.0,0.154,0.1565,0.224,0.382,0.339
70,03-22,,,,0.171,0.137,,,,,0.171,0.14,,,0.245,0.174,,,0.25,,0.381,,,,,,0.339,,,,,0.0,0.154,0.1555,0.223,0.381,0.339
71,03-23,,,,0.171,0.137,,,,,0.169,0.139,,,0.243,0.174,,,0.248,,0.381,,,,,,0.339,,,,,0.0,0.154,0.154,0.2216666666666667,0.381,0.339
72,04-00,,,,0.171,0.137,,,,,0.169,0.139,,,0.243,0.174,,,0.246,,0.382,,,,,,0.339,,,,,0.0,0.154,0.154,0.221,0.382,0.339
73,04-01,,,,0.171,0.139,,,,,0.17,0.141,,,0.242,0.174,,,0.246,,0.381,,,,,,0.34,,,,,0.0,0.155,0.1555,0.2206666666666666,0.381,0.34
74,04-02,,,,0.172,0.138,,,,,0.17,0.14,,,0.242,0.173,,,0.245,,0.381,,,,,,0.339,,,,,0.0,0.155,0.155,0.22,0.381,0.339
75,04-03,,,,0.171,0.138,,,,,0.171,0.14,,,0.241,0.172,,,0.245,,0.381,,,,,,0.34,,,,,0.0,0.1545,0.1555,0.2193333333333333,0.381,0.34
76,04-04,,,,0.172,0.138,,,,,0.17,0.14,,,0.241,0.173,,,0.244,,0.381,,,,,,0.34,,,,,0.0,0.155,0.155,0.2193333333333333,0.381,0.34
77,04-05,,,,0.172,0.137,,,,,0.17,0.14,,,0.241,0.173,,,0.245,,0.382,,,,,,0.339,,,,,0.0,0.1545,0.155,0.2196666666666667,0.382,0.339
78,04-06,,,,0.172,0.137,,,,,0.171,0.14,,,0.241,0.171,,,0.244,,0.381,,,,,,0.34,,,,,0.0,0.1545,0.1555,0.2186666666666667,0.381,0.34
79,04-07,,,,0.172,0.137,,,,,0.171,0.14,,,0.241,0.173,,,0.244,,0.381,,,,,,0.34,,,,,0.0,0.1545,0.1555,0.2193333333333333,0.381,0.34
80,04-08,,,,0.172,0.139,,,,,0.171,0.14,,,0.241,0.174,,,0.245,,0.381,,,,,,0.339,,,,,0.0,0.1555,0.1555,0.22,0.381,0.339
81,04-09,,,,0.172,0.139,,,,,0.171,0.14,,,0.241,0.173,,,0.245,,0.381,,,,,,0.339,,,,,0.0,0.1555,0.1555,0.2196666666666667,0.381,0.339
82,04-10,,,,0.172,0.139,,,,,0.171,0.14,,,0.241,0.173,,,0.244,,0.381,,,,,,0.339,,,,,0.0,0.1555,0.1555,0.2193333333333333,0.381,0.339
83,04-11,,,,0.173,0.14,,,,,0.172,0.141,,,0.241,0.173,,,0.245,,0.381,,,,,,0.339,,,,,0.0,0.1565,0.1565,0.2196666666666667,0.381,0.339
84,04-12,,,,0.172,0.14,,,,,0.171,0.141,,,0.241,0.173,,,0.245,,0.382,,,,,,0.339,,,,,0.0,0.156,0.156,0.2196666666666667,0.382,0.339
85,04-13,,,,0.172,0.139,,,,,0.172,0.14,,,0.241,0.174,,,0.245,,0.382,,,,,,0.339,,,,,0.0,0.1555,0.156,0.22,0.382,0.339
86,04-14,,,,0.172,0.138,,,,,0.171,0.14,,,0.24,0.173,,,0.245,,0.381,,,,,,0.339,,,,,0.0,0.155,0.1555,0.2193333333333333,0.381,0.339
87,04-15,,,,0.171,0.137,,,,,0.171,0.138,,,0.239,0.171,,,0.244,,0.382,,,,,,0.339,,,,,0.0,0.154,0.1545,0.218,0.382,0.339
88,04-16,,,,0.17,0.136,,,,,0.17,0.137,,,0.238,0.17,,,0.243,,0.382,,,,,,0.34,,,,,0.0,0.153,0.1535,0.217,0.382,0.34
89,04-17,,,,0.168,0.135,,,,,0.169,0.137,,,0.236,0.169,,,0.241,,0.382,,,,,,0.339,,,,,0.0,0.1515,0.153,0.2153333333333333,0.382,0.339
90,04-18,,,,0.171,0.135,,,,,0.169,0.137,,,0.236,0.172,,,0.241,,0.381,,,,,,0.339,,,,,3.0,0.153,0.153,0.2163333333333333,0.381,0.339
91,04-19,,,,0.173,0.137,,,,,0.172,0.138,,,0.237,0.175,,,0.241,,0.382,,,,,,0.34,,,,,1.0,0.155,0.155,0.2176666666666667,0.382,0.34
92,04-20,,,,0.174,0.139,,,,,0.172,0.14,,,0.238,0.177,,,0.242,,0.382,,,,,,0.339,,,,,0.0,0.1565,0.156,0.219,0.382,0.339
93,04-21,,,,0.173,0.141,,,,,0.173,0.142,,,0.24,0.179,,,0.244,,0.382,,,,,,0.34,,,,,0.0,0.157,0.1575,0.221,0.382,0.34
94,04-22,,,,0.173,0.142,,,,,0.173,0.143,,,0.24,0.179,,,0.244,,0.382,,,,,,0.34,,,,,0.0,0.1575,0.158,0.221,0.382,0.34
95,04-23,,,,0.173,0.143,,,,,0.174,0.142,,,0.24,0.178,,,0.244,,0.382,,,,,,0.34,,,,,0.0,0.158,0.158,0.2206666666666666,0.382,0.34
96,05-00,,,,0.173,0.143,,,,,0.173,0.143,,,0.241,0.179,,,0.244,,0.382,,,,,,0.34,,,,,0.0,0.158,0.158,0.2213333333333333,0.382,0.34
97,05-01,,,,0.173,0.143,,,,,0.173,0.143,,,0.241,0.177,,,0.245,,0.382,,,,,,0.34,,,,,0.0,0.158,0.158,0.221,0.382,0.34
98,05-02,,,,0.173,0.143,,,,,0.173,0.143,,,0.241,0.177,,,0.244,,0.382,,,,,,0.34,,,,,0.0,0.158,0.158,0.2206666666666666,0.382,0.34
99,05-03,,,,0.173,0.142,,,,,0.174,0.142,,,0.24,0.176,,,0.244,,0.382,,,,,,0.34,,,,,0.0,0.1575,0.158,0.22,0.382,0.34
100,05-04,,,,0.173,0.142,,,,,0.174,0.142,,,0.241,0.176,,,0.245,,0.382,,,,,,0.34,,,,,0.0,0.1575,0.158,0.2206666666666666,0.382,0.34
101,05-05,,,,0.173,0.142,,,,,0.174,0.143,,,0.24,0.177,,,0.245,,0.382,,,,,,0.34,,,,,0.0,0.1575,0.1585,0.2206666666666666,0.382,0.34
102,05-06,,,,0.173,0.142,,,,,0.173,0.142,,,0.24,0.177,,,0.245,,0.382,,,,,,0.34,,,,,0.0,0.1575,0.1575,0.2206666666666666,0.382,0.34
103,05-07,,,,0.173,0.142,,,,,0.174,0.142,,,0.241,0.178,,,0.245,,0.382,,,,,,0.34,,,,,0.0,0.1575,0.158,0.2213333333333333,0.382,0.34
104,05-08,,,,0.173,0.143,,,,,0.174,0.142,,,0.241,0.178,,,0.245,,0.382,,,,,,0.34,,,,,8.1,0.158,0.158,0.2213333333333333,0.382,0.34
105,05-09,,,,0.238,0.203,,,,,0.223,0.177,,,0.265,0.261,,,0.267,,0.383,,,,,,0.343,,,,,18.3,0.2205,0.2,0.2643333333333334,0.383,0.343
106,05-10,,,,0.235,0.213,,,,,0.236,0.197,,,0.295,0.282,,,0.297,,0.385,,,,,,0.346,,,,,4.4,0.224,0.2165,0.2913333333333333,0.385,0.346
107,05-11,,,,0.249,0.235,,,,,0.261,0.234,,,0.326,0.295,,,0.337,,0.386,,,,,,0.347,,,,,8.8,0.242,0.2475,0.3193333333333333,0.386,0.347
108,05-12,,,,0.255,0.251,,,,,0.276,0.261,,,0.338,0.3,,,0.358,,0.388,,,,,,0.349,,,,,4.6,0.253,0.2685,0.332,0.388,0.349
109,05-13,,,,0.268,0.272,,,,,0.301,0.283,,,0.347,0.303,,,0.365,,0.39,,,,,,0.35,,,,,2.0,0.27,0.292,0.3383333333333333,0.39,0.35
110,05-14,,,,0.272,0.276,,,,,0.311,0.289,,,0.352,0.303,,,0.368,,0.391,,,,,,0.351,,,,,0.2,0.274,0.3,0.341,0.391,0.351
111,05-15,,,,0.274,0.276,,,,,0.313,0.289,,,0.353,0.303,,,0.37,,0.391,,,,,,0.35,,,,,0.3,0.275,0.301,0.3419999999999999,0.391,0.35
112,05-16,,,,0.275,0.274,,,,,0.313,0.288,,,0.353,0.302,,,0.37,,0.391,,,,,,0.35,,,,,1.4,0.2745,0.3005,0.3416666666666666,0.391,0.35
113,05-17,,,,0.278,0.277,,,,,0.316,0.29,,,0.355,0.303,,,0.371,,0.391,,,,,,0.351,,,,,0.0,0.2775,0.303,0.343,0.391,0.351
114,05-18,,,,0.279,0.277,,,,,0.319,0.291,,,0.356,0.303,,,0.372,,0.391,,,,,,0.35,,,,,0.0,0.278,0.305,0.3436666666666667,0.391,0.35
115,05-19,,,,0.278,0.274,,,,,0.317,0.289,,,0.356,0.302,,,0.372,,0.391,,,,,,0.35,,,,,0.0,0.276,0.303,0.3433333333333333,0.391,0.35
116,05-20,,,,0.277,0.271,,,,,0.317,0.287,,,0.357,0.302,,,0.373,,0.391,,,,,,0.35,,,,,0.0,0.274,0.302,0.344,0.391,0.35
117,05-21,,,,0.276,0.267,,,,,0.315,0.284,,,0.357,0.301,,,0.373,,0.391,,,,,,0.349,,,,,0.0,0.2715,0.2995,0.3436666666666666,0.391,0.349
118,05-22,,,,0.275,0.264,,,,,0.313,0.282,,,0.357,0.3,,,0.372,,0.391,,,,,,0.349,,,,,0.0,0.2695,0.2975,0.343,0.391,0.349
119,05-23,,,,0.274,0.262,,,,,0.313,0.28,,,0.357,0.3,,,0.373,,0.39,,,,,,0.349,,,,,0.0,0.268,0.2965,0.3433333333333333,0.39,0.349
120,06-00,,,,0.274,0.261,,,,,0.311,0.279,,,0.356,0.3,,,0.373,,0.391,,,,,,0.349,,,,,0.0,0.2675,0.295,0.343,0.391,0.349
121,06-01,,,,0.273,0.259,,,,,0.311,0.278,,,0.357,0.299,,,0.373,,0.391,,,,,,0.349,,,,,0.0,0.266,0.2945,0.343,0.391,0.349
122,06-02,,,,0.273,0.258,,,,,0.31,0.277,,,0.358,0.3,,,0.373,,0.39,,,,,,0.349,,,,,0.0,0.2655,0.2935,0.3436666666666666,0.39,0.349
123,06-03,,,,0.272,0.257,,,,,0.31,0.276,,,0.358,0.3,,,0.373,,0.39,,,,,,0.348,,,,,0.0,0.2645,0.293,0.3436666666666666,0.39,0.348
124,06-04,,,,0.272,0.256,,,,,0.309,0.274,,,0.358,0.301,,,0.374,,0.391,,,,,,0.349,,,,,0.0,0.264,0.2915,0.3443333333333333,0.391,0.349
125,06-05,,,,0.272,0.255,,,,,0.308,0.274,,,0.358,0.301,,,0.374,,0.39,,,,,,0.349,,,,,0.0,0.2635,0.291,0.3443333333333333,0.39,0.349
126,06-06,,,,0.271,0.254,,,,,0.308,0.273,,,0.358,0.301,,,0.374,,0.39,,,,,,0.348,,,,,0.0,0.2625,0.2905,0.3443333333333333,0.39,0.348
127,06-07,,,,0.272,0.254,,,,,0.309,0.274,,,0.358,0.302,,,0.374,,0.39,,,,,,0.349,,,,,0.0,0.263,0.2915,0.3446666666666666,0.39,0.349
128,06-08,,,,0.272,0.253,,,,,0.308,0.273,,,0.359,0.302,,,0.374,,0.39,,,,,,0.348,,,,,0.0,0.2625,0.2905,0.345,0.39,0.348
129,06-09,,,,0.271,0.253,,,,,0.308,0.273,,,0.359,0.302,,,0.375,,0.39,,,,,,0.348,,,,,0.0,0.262,0.2905,0.3453333333333333,0.39,0.348
130,06-10,,,,0.271,0.252,,,,,0.307,0.273,,,0.359,0.303,,,0.375,,0.39,,,,,,0.348,,,,,0.0,0.2615,0.29,0.3456666666666666,0.39,0.348
131,06-11,,,,0.27,0.252,,,,,0.306,0.272,,,0.359,0.302,,,0.376,,0.39,,,,,,0.348,,,,,0.0,0.261,0.289,0.3456666666666666,0.39,0.348
132,06-12,,,,0.27,0.251,,,,,0.306,0.271,,,0.36,0.302,,,0.376,,0.39,,,,,,0.348,,,,,0.0,0.2605,0.2885,0.3459999999999999,0.39,0.348
133,06-13,,,,0.27,0.25,,,,,0.306,0.27,,,0.36,0.303,,,0.376,,0.39,,,,,,0.348,,,,,0.0,0.26,0.288,0.3463333333333334,0.39,0.348
134,06-14,,,,0.269,0.25,,,,,0.306,0.27,,,0.36,0.303,,,0.376,,0.39,,,,,,0.348,,,,,0.0,0.2595,0.288,0.3463333333333334,0.39,0.348
135,06-15,,,,0.268,0.248,,,,,0.303,0.269,,,0.36,0.303,,,0.376,,0.39,,,,,,0.347,,,,,0.0,0.258,0.286,0.3463333333333334,0.39,0.347
136,06-16,,,,0.266,0.246,,,,,0.301,0.267,,,0.36,0.303,,,0.376,,0.39,,,,,,0.348,,,,,0.0,0.256,0.284,0.3463333333333334,0.39,0.348
137,06-17,,,,0.263,0.243,,,,,0.298,0.265,,,0.359,0.302,,,0.376,,0.39,,,,,,0.348,,,,,0.0,0.253,0.2815,0.3456666666666666,0.39,0.348
138,06-18,,,,0.259,0.24,,,,,0.293,0.262,,,0.359,0.301,,,0.376,,0.39,,,,,,0.347,,,,,0.0,0.2495,0.2775,0.3453333333333333,0.39,0.347
139,06-19,,,,0.257,0.238,,,,,0.29,0.26,,,0.36,0.301,,,0.376,,0.39,,,,,,0.347,,,,,0.0,0.2475,0.275,0.3456666666666666,0.39,0.347
140,06-20,,,,0.254,0.235,,,,,0.288,0.258,,,0.359,0.301,,,0.375,,0.389,,,,,,0.346,,,,,0.0,0.2445,0.273,0.345,0.389,0.346
141,06-21,,,,0.252,0.233,,,,,0.285,0.256,,,0.359,0.3,,,0.375,,0.389,,,,,,0.346,,,,,0.0,0.2425,0.2705,0.3446666666666667,0.389,0.346
142,06-22,,,,0.25,0.232,,,,,0.284,0.254,,,0.359,0.299,,,0.375,,0.389,,,,,,0.346,,,,,0.0,0.241,0.269,0.3443333333333333,0.389,0.346
143,06-23,,,,0.25,0.232,,,,,0.282,0.253,,,0.358,0.299,,,0.374,,0.389,,,,,,0.346,,,,,0.0,0.241,0.2675,0.3436666666666667,0.389,0.346
144,07-00,,,,0.249,0.23,,,,,0.282,0.252,,,0.358,0.299,,,0.375,,0.389,,,,,,0.346,,,,,0.0,0.2395,0.267,0.344,0.389,0.346
145,07-01,,,,0.247,0.228,,,,,0.28,0.251,,,0.359,0.301,,,0.375,,0.389,,,,,,0.346,,,,,0.0,0.2375,0.2655,0.345,0.389,0.346
146,07-02,,,,0.247,0.229,,,,,0.28,0.25,,,0.358,0.3,,,0.375,,0.389,,,,,,0.346,,,,,0.0,0.238,0.265,0.3443333333333333,0.389,0.346
147,07-03,,,,0.247,0.229,,,,,0.28,0.25,,,0.358,0.3,,,0.375,,0.389,,,,,,0.346,,,,,0.0,0.238,0.265,0.3443333333333333,0.389,0.346
148,07-04,,,,0.246,0.228,,,,,0.279,0.25,,,0.359,0.301,,,0.375,,0.389,,,,,,0.346,,,,,0.0,0.237,0.2645,0.345,0.389,0.346
149,07-05,,,,0.246,0.228,,,,,0.28,0.249,,,0.359,0.301,,,0.375,,0.389,,,,,,0.346,,,,,0.0,0.237,0.2645,0.345,0.389,0.346
150,07-06,,,,0.247,0.228,,,,,0.279,0.249,,,0.358,0.302,,,0.375,,0.389,,,,,,0.346,,,,,0.0,0.2375,0.264,0.345,0.389,0.346
151,07-07,,,,0.247,0.228,,,,,0.28,0.25,,,0.359,0.301,,,0.375,,0.389,,,,,,0.346,,,,,0.0,0.2375,0.265,0.345,0.389,0.346
152,07-08,,,,0.247,0.229,,,,,0.279,0.25,,,0.359,0.302,,,0.375,,0.389,,,,,,0.346,,,,,0.0,0.238,0.2645,0.3453333333333333,0.389,0.346
153,07-09,,,,0.247,0.228,,,,,0.279,0.25,,,0.36,0.301,,,0.376,,0.389,,,,,,0.346,,,,,0.0,0.2375,0.2645,0.3456666666666666,0.389,0.346
154,07-10,,,,0.247,0.228,,,,,0.28,0.249,,,0.36,0.302,,,0.376,,0.389,,,,,,0.346,,,,,0.0,0.2375,0.2645,0.3459999999999999,0.389,0.346
155,07-11,,,,0.247,0.228,,,,,0.279,0.249,,,0.36,0.303,,,0.375,,0.389,,,,,,0.345,,,,,0.0,0.2375,0.264,0.346,0.389,0.345
156,07-12,,,,0.246,0.228,,,,,0.28,0.249,,,0.36,0.302,,,0.376,,0.389,,,,,,0.345,,,,,0.2,0.237,0.2645,0.3459999999999999,0.389,0.345
157,07-13,,,,0.246,0.227,,,,,0.279,0.249,,,0.36,0.303,,,0.376,,0.389,,,,,,0.346,,,,,0.0,0.2365,0.264,0.3463333333333334,0.389,0.346
158,07-14,,,,0.245,0.227,,,,,0.28,0.248,,,0.361,0.303,,,0.376,,0.389,,,,,,0.346,,,,,0.0,0.236,0.264,0.3466666666666667,0.389,0.346
159,07-15,,,,0.244,0.225,,,,,0.278,0.247,,,0.36,0.303,,,0.376,,0.389,,,,,,0.345,,,,,0.0,0.2345,0.2625,0.3463333333333334,0.389,0.345
160,07-16,,,,0.242,0.223,,,,,0.277,0.246,,,0.361,0.303,,,0.376,,0.389,,,,,,0.345,,,,,0.0,0.2325,0.2615,0.3466666666666667,0.389,0.345
161,07-17,,,,0.24,0.221,,,,,0.274,0.243,,,0.36,0.302,,,0.376,,0.389,,,,,,0.346,,,,,0.0,0.2305,0.2585,0.3459999999999999,0.389,0.346
162,07-18,,,,0.239,0.219,,,,,0.272,0.24,,,0.359,0.302,,,0.376,,0.388,,,,,,0.344,,,,,0.0,0.229,0.256,0.3456666666666666,0.388,0.344
163,07-19,,,,0.237,0.216,,,,,0.27,0.237,,,0.359,0.302,,,0.376,,0.388,,,,,,0.344,,,,,0.0,0.2265,0.2535,0.3456666666666666,0.388,0.344
164,07-20,,,,0.236,0.214,,,,,0.265,0.234,,,0.359,0.302,,,0.375,,0.388,,,,,,0.344,,,,,0.0,0.225,0.2495,0.3453333333333333,0.388,0.344
165,07-21,,,,0.235,0.212,,,,,0.261,0.231,,,0.358,0.301,,,0.375,,0.388,,,,,,0.343,,,,,0.0,0.2235,0.246,0.3446666666666667,0.388,0.343
166,07-22,,,,0.234,0.21,,,,,0.258,0.23,,,0.358,0.3,,,0.375,,0.388,,,,,,0.344,,,,,0.0,0.222,0.244,0.3443333333333333,0.388,0.344
167,07-23,,,,0.234,0.211,,,,,0.257,0.228,,,0.358,0.301,,,0.374,,0.388,,,,,,0.344,,,,,0.0,0.2225,0.2425,0.3443333333333333,0.388,0.344
168,08-00,,,,0.233,0.21,,,,,0.254,0.227,,,0.358,0.301,,,0.374,,0.388,,,,,,0.343,,,,,0.0,0.2215,0.2405,0.3443333333333333,0.388,0.343
169,08-01,,,,0.233,0.21,,,,,0.254,0.226,,,0.358,0.301,,,0.374,,0.388,,,,,,0.343,,,,,0.0,0.2215,0.24,0.3443333333333333,0.388,0.343
170,08-02,,,,0.233,0.209,,,,,0.253,0.226,,,0.358,0.3,,,0.374,,0.388,,,,,,0.344,,,,,0.0,0.221,0.2395,0.344,0.388,0.344
171,08-03,,,,0.232,0.209,,,,,0.253,0.225,,,0.359,0.301,,,0.374,,0.388,,,,,,0.343,,,,,0.0,0.2205,0.239,0.3446666666666666,0.388,0.343
172,08-04,,,,0.233,0.209,,,,,0.252,0.225,,,0.359,0.3,,,0.374,,0.388,,,,,,0.344,,,,,0.0,0.221,0.2385,0.3443333333333333,0.388,0.344
173,08-05,,,,0.233,0.209,,,,,0.252,0.224,,,0.359,0.301,,,0.374,,0.388,,,,,,0.344,,,,,0.0,0.221,0.238,0.3446666666666666,0.388,0.344
174,08-06,,,,0.232,0.209,,,,,0.252,0.224,,,0.359,0.301,,,0.374,,0.388,,,,,,0.345,,,,,0.0,0.2205,0.238,0.3446666666666666,0.388,0.345
175,08-07,,,,0.233,0.209,,,,,0.252,0.225,,,0.358,0.301,,,0.375,,0.388,,,,,,0.343,,,,,0.0,0.221,0.2385,0.3446666666666667,0.388,0.343
176,08-08,,,,0.233,0.209,,,,,0.252,0.223,,,0.359,0.302,,,0.374,,0.388,,,,,,0.344,,,,,0.0,0.221,0.2375,0.345,0.388,0.344
177,08-09,,,,0.232,0.209,,,,,0.252,0.223,,,0.358,0.302,,,0.374,,0.388,,,,,,0.344,,,,,0.0,0.2205,0.2375,0.3446666666666666,0.388,0.344
178,08-10,,,,0.232,0.209,,,,,0.253,0.224,,,0.359,0.302,,,0.374,,0.388,,,,,,0.344,,,,,0.0,0.2205,0.2385,0.345,0.388,0.344
179,08-11,,,,0.232,0.209,,,,,0.253,0.224,,,0.358,0.301,,,0.375,,0.387,,,,,,0.343,,,,,0.0,0.2205,0.2385,0.3446666666666667,0.387,0.343
180,08-12,,,,0.232,0.207,,,,,0.252,0.223,,,0.359,0.302,,,0.375,,0.388,,,,,,0.343,,,,,0.0,0.2195,0.2375,0.3453333333333333,0.388,0.343
181,08-13,,,,0.232,0.209,,,,,0.251,0.223,,,0.358,0.302,,,0.375,,0.388,,,,,,0.344,,,,,0.3,0.2205,0.237,0.345,0.388,0.344
182,08-14,,,,0.231,0.207,,,,,0.251,0.221,,,0.358,0.302,,,0.374,,0.388,,,,,,0.344,,,,,0.0,0.219,0.236,0.3446666666666666,0.388,0.344
183,08-15,,,,0.23,0.206,,,,,0.248,0.22,,,0.359,0.302,,,0.374,,0.388,,,,,,0.344,,,,,0.0,0.218,0.234,0.345,0.388,0.344
184,08-16,,,,0.229,0.203,,,,,0.244,0.218,,,0.359,0.301,,,0.375,,0.387,,,,,,0.343,,,,,0.0,0.216,0.231,0.345,0.387,0.343
185,08-17,,,,0.227,0.202,,,,,0.241,0.215,,,0.358,0.302,,,0.374,,0.388,,,,,,0.343,,,,,0.0,0.2145,0.228,0.3446666666666666,0.388,0.343
186,08-18,,,,0.225,0.199,,,,,0.238,0.212,,,0.358,0.301,,,0.374,,0.388,,,,,,0.342,,,,,0.0,0.212,0.225,0.3443333333333333,0.388,0.342
187,08-19,,,,0.224,0.196,,,,,0.237,0.209,,,0.357,0.3,,,0.374,,0.387,,,,,,0.342,,,,,0.0,0.21,0.223,0.3436666666666667,0.387,0.342
188,08-20,,,,0.222,0.194,,,,,0.234,0.206,,,0.357,0.299,,,0.373,,0.387,,,,,,0.342,,,,,0.0,0.208,0.22,0.343,0.387,0.342
189,08-21,,,,0.22,0.192,,,,,0.233,0.203,,,0.357,0.298,,,0.373,,0.387,,,,,,0.342,,,,,0.0,0.206,0.218,0.3426666666666667,0.387,0.342
190,08-22,,,,0.219,0.19,,,,,0.231,0.201,,,0.357,0.297,,,0.372,,0.387,,,,,,0.341,,,,,0.0,0.2045,0.216,0.3419999999999999,0.387,0.341
191,08-23,,,,0.218,0.19,,,,,0.231,0.199,,,0.356,0.297,,,0.371,,0.387,,,,,,0.342,,,,,0.0,0.204,0.215,0.3413333333333333,0.387,0.342
192,09-00,,,,0.217,0.189,,,,,0.23,0.199,,,0.356,0.296,,,0.371,,0.387,,,,,,0.341,,,,,0.0,0.203,0.2145,0.341,0.387,0.341
193,09-01,,,,0.217,0.191,,,,,0.229,0.2,,,0.356,0.296,,,0.371,,0.386,,,,,,0.341,,,,,0.0,0.204,0.2145,0.341,0.386,0.341
194,09-02,,,,0.217,0.191,,,,,0.23,0.199,,,0.356,0.296,,,0.371,,0.386,,,,,,0.341,,,,,0.0,0.204,0.2145,0.341,0.386,0.341
195,09-03,,,,0.217,0.191,,,,,0.229,0.199,,,0.355,0.296,,,0.371,,0.386,,,,,,0.341,,,,,0.0,0.204,0.214,0.3406666666666667,0.386,0.341
196,09-04,,,,0.217,0.19,,,,,0.229,0.198,,,0.356,0.296,,,0.37,,0.386,,,,,,0.341,,,,,0.0,0.2035,0.2135,0.3406666666666666,0.386,0.341
197,09-05,,,,0.217,0.19,,,,,0.23,0.197,,,0.354,0.296,,,0.37,,0.387,,,,,,0.342,,,,,0.0,0.2035,0.2135,0.34,0.387,0.342
198,09-06,,,,0.217,0.191,,,,,0.23,0.197,,,0.355,0.296,,,0.371,,0.386,,,,,,0.342,,,,,0.0,0.204,0.2135,0.3406666666666667,0.386,0.342
199,09-07,,,,0.218,0.191,,,,,0.229,0.199,,,0.354,0.295,,,0.37,,0.386,,,,,,0.342,,,,,0.0,0.2045,0.214,0.3396666666666667,0.386,0.342
200,09-08,,,,0.218,0.191,,,,,0.23,0.199,,,0.355,0.296,,,0.37,,0.386,,,,,,0.342,,,,,0.0,0.2045,0.2145,0.3403333333333333,0.386,0.342
201,09-09,,,,0.218,0.191,,,,,0.23,0.198,,,0.354,0.296,,,0.37,,0.386,,,,,,0.341,,,,,0.0,0.2045,0.214,0.34,0.386,0.341
202,09-10,,,,0.218,0.191,,,,,0.23,0.197,,,0.354,0.296,,,0.37,,0.386,,,,,,0.342,,,,,0.0,0.2045,0.2135,0.34,0.386,0.342
203,09-11,,,,0.217,0.191,,,,,0.229,0.198,,,0.354,0.296,,,0.369,,0.386,,,,,,0.341,,,,,0.0,0.204,0.2135,0.3396666666666666,0.386,0.341
204,09-12,,,,0.217,0.19,,,,,0.229,0.197,,,0.354,0.296,,,0.37,,0.386,,,,,,0.341,,,,,0.2,0.2035,0.213,0.34,0.386,0.341
205,09-13,,,,0.216,0.19,,,,,0.23,0.197,,,0.354,0.296,,,0.369,,0.386,,,,,,0.342,,,,,0.0,0.203,0.2135,0.3396666666666666,0.386,0.342
206,09-14,,,,0.216,0.189,,,,,0.229,0.197,,,0.355,0.296,,,0.369,,0.386,,,,,,0.341,,,,,0.0,0.2025,0.213,0.34,0.386,0.341
207,09-15,,,,0.215,0.188,,,,,0.228,0.195,,,0.354,0.296,,,0.369,,0.387,,,,,,0.341,,,,,0.0,0.2015,0.2115,0.3396666666666666,0.387,0.341
208,09-16,,,,0.213,0.186,,,,,0.227,0.194,,,0.354,0.296,,,0.369,,0.386,,,,,,0.341,,,,,0.0,0.1995,0.2105,0.3396666666666666,0.386,0.341
209,09-17,,,,0.211,0.184,,,,,0.225,0.192,,,0.353,0.294,,,0.368,,0.386,,,,,,0.342,,,,,0.0,0.1975,0.2085,0.3383333333333334,0.386,0.342
210,09-18,,,,0.208,0.182,,,,,0.222,0.19,,,0.352,0.293,,,0.367,,0.386,,,,,,0.341,,,,,0.0,0.195,0.206,0.3373333333333333,0.386,0.341
211,09-19,,,,0.206,0.18,,,,,0.22,0.187,,,0.351,0.292,,,0.366,,0.386,,,,,,0.341,,,,,0.0,0.193,0.2035,0.3363333333333333,0.386,0.341
212,09-20,,,,0.203,0.178,,,,,0.217,0.185,,,0.349,0.291,,,0.364,,0.386,,,,,,0.34,,,,,0.0,0.1905,0.201,0.3346666666666667,0.386,0.34
213,09-21,,,,0.202,0.177,,,,,0.215,0.184,,,0.348,0.29,,,0.364,,0.386,,,,,,0.341,,,,,0.0,0.1895,0.1995,0.3339999999999999,0.386,0.341
214,09-22,,,,0.202,0.177,,,,,0.213,0.183,,,0.346,0.288,,,0.362,,0.386,,,,,,0.34,,,,,0.0,0.1895,0.198,0.332,0.386,0.34
215,09-23,,,,0.202,0.176,,,,,0.212,0.182,,,0.343,0.288,,,0.361,,0.386,,,,,,0.34,,,,,0.0,0.189,0.197,0.3306666666666667,0.386,0.34
216,10-00,,,,0.201,0.175,,,,,0.211,0.182,,,0.341,0.288,,,0.359,,0.386,,,,,,0.34,,,,,0.0,0.188,0.1965,0.3293333333333333,0.386,0.34
217,10-01,,,,0.201,0.176,,,,,0.21,0.182,,,0.338,0.287,,,0.357,,0.386,,,,,,0.341,,,,,0.0,0.1885,0.196,0.3273333333333333,0.386,0.341
218,10-02,,,,0.201,0.176,,,,,0.21,0.182,,,0.337,0.286,,,0.357,,0.386,,,,,,0.34,,,,,0.0,0.1885,0.196,0.3266666666666667,0.386,0.34
219,10-03,,,,0.201,0.176,,,,,0.209,0.183,,,0.336,0.286,,,0.355,,0.386,,,,,,0.341,,,,,0.0,0.1885,0.196,0.3256666666666667,0.386,0.341
220,10-04,,,,0.2,0.176,,,,,0.21,0.183,,,0.335,0.286,,,0.351,,0.386,,,,,,0.341,,,,,0.0,0.188,0.1965,0.324,0.386,0.341
221,10-05,,,,0.201,0.177,,,,,0.211,0.182,,,0.334,0.286,,,0.35,,0.386,,,,,,0.34,,,,,0.0,0.189,0.1965,0.3233333333333333,0.386,0.34
222,10-06,,,,0.201,0.177,,,,,0.21,0.182,,,0.333,0.285,,,0.349,,0.386,,,,,,0.34,,,,,0.0,0.189,0.196,0.3223333333333333,0.386,0.34
223,10-07,,,,0.201,0.177,,,,,0.21,0.182,,,0.333,0.286,,,0.347,,0.386,,,,,,0.341,,,,,0.0,0.189,0.196,0.322,0.386,0.341
224,10-08,,,,0.201,0.176,,,,,0.21,0.183,,,0.332,0.285,,,0.346,,0.386,,,,,,0.34,,,,,0.0,0.1885,0.1965,0.321,0.386,0.34
225,10-09,,,,0.201,0.177,,,,,0.21,0.183,,,0.332,0.286,,,0.346,,0.386,,,,,,0.341,,,,,0.0,0.189,0.1965,0.3213333333333333,0.386,0.341
226,10-10,,,,0.201,0.177,,,,,0.21,0.183,,,0.331,0.285,,,0.344,,0.386,,,,,,0.341,,,,,0.0,0.189,0.1965,0.32,0.386,0.341
227,10-11,,,,0.201,0.176,,,,,0.21,0.182,,,0.331,0.285,,,0.343,,0.386,,,,,,0.34,,,,,0.0,0.1885,0.196,0.3196666666666667,0.386,0.34
228,10-12,,,,0.2,0.176,,,,,0.209,0.181,,,0.33,0.285,,,0.343,,0.386,,,,,,0.34,,,,,0.0,0.188,0.195,0.3193333333333333,0.386,0.34
229,10-13,,,,0.2,0.176,,,,,0.209,0.182,,,0.329,0.285,,,0.341,,0.387,,,,,,0.341,,,,,0.0,0.188,0.1955,0.3183333333333334,0.387,0.341
230,10-14,,,,0.2,0.175,,,,,0.208,0.181,,,0.328,0.285,,,0.34,,0.386,,,,,,0.341,,,,,0.0,0.1875,0.1945,0.3176666666666667,0.386,0.341
231,10-15,,,,0.199,0.173,,,,,0.207,0.179,,,0.328,0.284,,,0.337,,0.386,,,,,,0.341,,,,,0.0,0.186,0.193,0.3163333333333334,0.386,0.341
232,10-16,,,,0.197,0.172,,,,,0.205,0.177,,,0.326,0.283,,,0.335,,0.386,,,,,,0.341,,,,,0.0,0.1845,0.191,0.3146666666666667,0.386,0.341
233,10-17,,,,0.196,0.17,,,,,0.203,0.176,,,0.325,0.282,,,0.333,,0.386,,,,,,0.341,,,,,0.0,0.183,0.1895,0.3133333333333333,0.386,0.341
234,10-18,,,,0.194,0.168,,,,,0.201,0.174,,,0.322,0.28,,,0.332,,0.386,,,,,,0.341,,,,,0.0,0.181,0.1875,0.3113333333333334,0.386,0.341
235,10-19,,,,0.192,0.166,,,,,0.197,0.173,,,0.32,0.273,,,0.33,,0.386,,,,,,0.341,,,,,0.0,0.179,0.185,0.3076666666666667,0.386,0.341
236,10-20,,,,0.191,0.164,,,,,0.195,0.17,,,0.318,0.268,,,0.327,,0.386,,,,,,0.34,,,,,0.0,0.1775,0.1825,0.3043333333333333,0.386,0.34
237,10-21,,,,0.19,0.163,,,,,0.193,0.169,,,0.315,0.262,,,0.325,,0.386,,,,,,0.34,,,,,0.0,0.1765,0.181,0.3006666666666666,0.386,0.34
238,10-22,,,,0.19,0.162,,,,,0.193,0.168,,,0.313,0.256,,,0.323,,0.386,,,,,,0.34,,,,,0.0,0.176,0.1805,0.2973333333333333,0.386,0.34
239,10-23,,,,0.19,0.162,,,,,0.193,0.167,,,0.311,0.252,,,0.32,,0.386,,,,,,0.34,,,,,0.0,0.176,0.18,0.2943333333333333,0.386,0.34
240,11-00,,,,0.19,0.162,,,,,0.193,0.167,,,0.309,0.248,,,0.318,,0.386,,,,,,0.34,,,,,0.0,0.176,0.18,0.2916666666666667,0.386,0.34
241,11-01,,,,0.189,0.161,,,,,0.193,0.167,,,0.307,0.245,,,0.317,,0.386,,,,,,0.34,,,,,0.0,0.175,0.18,0.2896666666666667,0.386,0.34
242,11-02,,,,0.189,0.162,,,,,0.193,0.167,,,0.305,0.242,,,0.315,,0.386,,,,,,0.34,,,,,0.0,0.1755,0.18,0.2873333333333333,0.386,0.34
243,11-03,,,,0.19,0.163,,,,,0.193,0.167,,,0.304,0.241,,,0.313,,0.386,,,,,,0.34,,,,,0.0,0.1765,0.18,0.286,0.386,0.34
244,11-04,,,,0.19,0.162,,,,,0.193,0.168,,,0.303,0.239,,,0.312,,0.386,,,,,,0.34,,,,,0.0,0.176,0.1805,0.2846666666666667,0.386,0.34
245,11-05,,,,0.19,0.163,,,,,0.193,0.167,,,0.301,0.239,,,0.311,,0.386,,,,,,0.34,,,,,0.0,0.1765,0.18,0.2836666666666667,0.386,0.34
246,11-06,,,,0.19,0.163,,,,,0.193,0.167,,,0.3,0.238,,,0.31,,0.386,,,,,,0.34,,,,,0.0,0.1765,0.18,0.2826666666666667,0.386,0.34
247,11-07,,,,0.19,0.163,,,,,0.193,0.167,,,0.299,0.237,,,0.309,,0.386,,,,,,0.34,,,,,0.0,0.1765,0.18,0.2816666666666667,0.386,0.34
248,11-08,,,,0.19,0.164,,,,,0.193,0.167,,,0.298,0.238,,,0.309,,0.386,,,,,,0.34,,,,,0.0,0.177,0.18,0.2816666666666667,0.386,0.34
249,11-09,,,,0.19,0.163,,,,,0.193,0.167,,,0.298,0.237,,,0.309,,0.386,,,,,,0.34,,,,,0.0,0.1765,0.18,0.2813333333333333,0.386,0.34
250,11-10,,,,0.19,0.163,,,,,0.193,0.167,,,0.297,0.237,,,0.309,,0.387,,,,,,0.34,,,,,0.0,0.1765,0.18,0.281,0.387,0.34
251,11-11,,,,0.19,0.164,,,,,0.193,0.168,,,0.296,0.236,,,0.307,,0.386,,,,,,0.34,,,,,0.0,0.177,0.1805,0.2796666666666667,0.386,0.34
252,11-12,,,,0.19,0.164,,,,,0.193,0.169,,,0.296,0.235,,,0.307,,0.386,,,,,,0.34,,,,,0.0,0.177,0.181,0.2793333333333333,0.386,0.34
253,11-13,,,,0.19,0.163,,,,,0.194,0.169,,,0.294,0.235,,,0.307,,0.386,,,,,,0.34,,,,,0.0,0.1765,0.1815,0.2786666666666666,0.386,0.34
254,11-14,,,,0.19,0.163,,,,,0.193,0.17,,,0.294,0.235,,,0.307,,0.386,,,,,,0.34,,,,,0.0,0.1765,0.1815,0.2786666666666666,0.386,0.34
255,11-15,,,,0.19,0.162,,,,,0.193,0.168,,,0.293,0.234,,,0.306,,0.387,,,,,,0.34,,,,,0.0,0.176,0.1805,0.2776666666666667,0.387,0.34
256,11-16,,,,0.189,0.163,,,,,0.193,0.167,,,0.292,0.233,,,0.306,,0.387,,,,,,0.339,,,,,0.0,0.176,0.18,0.277,0.387,0.339
257,11-17,,,,0.188,0.162,,,,,0.193,0.166,,,0.29,0.232,,,0.303,,0.387,,,,,,0.339,,,,,0.0,0.175,0.1795,0.275,0.387,0.339
258,11-18,,,,0.188,0.16,,,,,0.192,0.166,,,0.29,0.229,,,0.302,,0.387,,,,,,0.34,,,,,1.6,0.174,0.179,0.2736666666666667,0.387,0.34
259,11-19,,,,0.192,0.164,,,,,0.194,0.169,,,0.29,0.236,,,0.303,,0.387,,,,,,0.339,,,,,2.4,0.178,0.1815,0.2763333333333333,0.387,0.339
260,11-20,,,,0.192,0.17,,,,,0.194,0.173,,,0.292,0.239,,,0.304,,0.387,,,,,,0.34,,,,,0.0,0.181,0.1835,0.2783333333333333,0.387,0.34
261,11-21,,,,0.192,0.169,,,,,0.194,0.174,,,0.293,0.239,,,0.306,,0.387,,,,,,0.34,,,,,0.0,0.1805,0.184,0.2793333333333334,0.387,0.34
262,11-22,,,,0.193,0.169,,,,,0.195,0.173,,,0.294,0.24,,,0.307,,0.387,,,,,,0.34,,,,,0.0,0.181,0.184,0.2803333333333333,0.387,0.34
263,11-23,,,,0.193,0.168,,,,,0.194,0.173,,,0.294,0.239,,,0.307,,0.387,,,,,,0.34,,,,,0.0,0.1805,0.1835,0.28,0.387,0.34
264,12-00,,,,0.193,0.168,,,,,0.195,0.173,,,0.294,0.239,,,0.307,,0.387,,,,,,0.34,,,,,0.0,0.1805,0.184,0.28,0.387,0.34
265,12-01,,,,0.193,0.169,,,,,0.194,0.174,,,0.295,0.239,,,0.308,,0.387,,,,,,0.339,,,,,0.0,0.181,0.184,0.2806666666666667,0.387,0.339
266,12-02,,,,0.193,0.169,,,,,0.195,0.174,,,0.294,0.238,,,0.307,,0.387,,,,,,0.339,,,,,0.0,0.181,0.1845,0.2796666666666667,0.387,0.339
267,12-03,,,,0.193,0.168,,,,,0.194,0.175,,,0.294,0.238,,,0.307,,0.387,,,,,,0.34,,,,,0.0,0.1805,0.1845,0.2796666666666667,0.387,0.34
268,12-04,,,,0.192,0.168,,,,,0.194,0.172,,,0.293,0.238,,,0.307,,0.388,,,,,,0.339,,,,,0.0,0.18,0.183,0.2793333333333333,0.388,0.339
269,12-05,,,,0.193,0.168,,,,,0.194,0.172,,,0.294,0.238,,,0.308,,0.388,,,,,,0.339,,,,,0.0,0.1805,0.183,0.28,0.388,0.339
270,12-06,,,,0.192,0.167,,,,,0.194,0.172,,,0.294,0.238,,,0.307,,0.387,,,,,,0.339,,,,,0.0,0.1795,0.183,0.2796666666666667,0.387,0.339
271,12-07,,,,0.192,0.167,,,,,0.194,0.173,,,0.294,0.238,,,0.307,,0.387,,,,,,0.339,,,,,0.0,0.1795,0.1835,0.2796666666666667,0.387,0.339
272,12-08,,,,0.193,0.167,,,,,0.194,0.173,,,0.293,0.238,,,0.307,,0.387,,,,,,0.339,,,,,0.0,0.18,0.1835,0.2793333333333333,0.387,0.339
273,12-09,,,,0.192,0.167,,,,,0.195,0.173,,,0.293,0.238,,,0.308,,0.387,,,,,,0.34,,,,,0.0,0.1795,0.184,0.2796666666666667,0.387,0.34
274,12-10,,,,0.192,0.167,,,,,0.195,0.173,,,0.292,0.238,,,0.307,,0.387,,,,,,0.339,,,,,0.0,0.1795,0.184,0.279,0.387,0.339
275,12-11,,,,0.192,0.168,,,,,0.194,0.171,,,0.294,0.238,,,0.306,,0.388,,,,,,0.339,,,,,0.0,0.18,0.1825,0.2793333333333334,0.388,0.339
276,12-12,,,,0.192,0.167,,,,,0.194,0.172,,,0.292,0.237,,,0.306,,0.387,,,,,,0.339,,,,,0.2,0.1795,0.183,0.2783333333333333,0.387,0.339
277,12-13,,,,0.192,0.167,,,,,0.194,0.172,,,0.292,0.237,,,0.307,,0.387,,,,,,0.339,,,,,0.0,0.1795,0.183,0.2786666666666666,0.387,0.339
278,12-14,,,,0.192,0.167,,,,,0.194,0.172,,,0.292,0.237,,,0.307,,0.387,,,,,,0.339,,,,,0.0,0.1795,0.183,0.2786666666666666,0.387,0.339
279,12-15,,,,0.192,0.167,,,,,0.194,0.172,,,0.291,0.236,,,0.306,,0.388,,,,,,0.339,,,,,0.0,0.1795,0.183,0.2776666666666667,0.388,0.339
280,12-16,,,,0.191,0.165,,,,,0.194,0.171,,,0.291,0.235,,,0.306,,0.388,,,,,,0.339,,,,,0.0,0.178,0.1825,0.2773333333333334,0.388,0.339
281,12-17,,,,0.19,0.164,,,,,0.194,0.169,,,0.291,0.234,,,0.305,,0.388,,,,,,0.339,,,,,0.0,0.177,0.1815,0.2766666666666667,0.388,0.339
282,12-18,,,,0.189,0.163,,,,,0.193,0.169,,,0.29,0.233,,,0.304,,0.387,,,,,,0.339,,,,,0.0,0.176,0.181,0.2756666666666667,0.387,0.339
283,12-19,,,,0.188,0.162,,,,,0.193,0.167,,,0.29,0.231,,,0.303,,0.387,,,,,,0.339,,,,,0.0,0.175,0.18,0.2746666666666667,0.387,0.339
284,12-20,,,,0.187,0.161,,,,,0.192,0.167,,,0.289,0.23,,,0.301,,0.388,,,,,,0.339,,,,,0.0,0.174,0.1795,0.2733333333333334,0.388,0.339
285,12-21,,,,0.187,0.16,,,,,0.192,0.165,,,0.288,0.228,,,0.3,,0.387,,,,,,0.338,,,,,0.0,0.1735,0.1785,0.272,0.387,0.338
286,12-22,,,,0.186,0.159,,,,,0.192,0.164,,,0.287,0.226,,,0.297,,0.387,,,,,,0.338,,,,,0.0,0.1725,0.178,0.27,0.387,0.338
287,12-23,,,,0.186,0.158,,,,,0.191,0.164,,,0.286,0.223,,,0.295,,0.387,,,,,,0.338,,,,,0.0,0.172,0.1775,0.268,0.387,0.338
288,13-00,,,,0.186,0.157,,,,,0.192,0.165,,,0.285,0.223,,,0.293,,0.387,,,,,,0.338,,,,,0.0,0.1715,0.1785,0.267,0.387,0.338
289,13-01,,,,0.186,0.159,,,,,0.191,0.165,,,0.284,0.222,,,0.293,,0.388,,,,,,0.338,,,,,0.0,0.1725,0.178,0.2663333333333333,0.388,0.338
290,13-02,,,,0.186,0.16,,,,,0.191,0.165,,,0.284,0.221,,,0.292,,0.387,,,,,,0.338,,,,,0.0,0.173,0.178,0.2656666666666667,0.387,0.338
291,13-03,,,,0.186,0.16,,,,,0.191,0.166,,,0.283,0.22,,,0.291,,0.387,,,,,,0.338,,,,,0.0,0.173,0.1785,0.2646666666666667,0.387,0.338
292,13-04,,,,0.186,0.16,,,,,0.191,0.166,,,0.282,0.22,,,0.29,,0.387,,,,,,0.339,,,,,0.0,0.173,0.1785,0.264,0.387,0.339
293,13-05,,,,0.186,0.16,,,,,0.191,0.166,,,0.282,0.219,,,0.29,,0.388,,,,,,0.338,,,,,0.0,0.173,0.1785,0.2636666666666667,0.388,0.338
294,13-06,,,,0.186,0.159,,,,,0.191,0.166,,,0.282,0.219,,,0.29,,0.387,,,,,,0.338,,,,,0.0,0.1725,0.1785,0.2636666666666667,0.387,0.338
295,13-07,,,,0.186,0.16,,,,,0.19,0.166,,,0.281,0.219,,,0.29,,0.388,,,,,,0.338,,,,,0.0,0.173,0.178,0.2633333333333334,0.388,0.338
296,13-08,,,,0.186,0.16,,,,,0.191,0.166,,,0.281,0.219,,,0.29,,0.387,,,,,,0.338,,,,,0.0,0.173,0.1785,0.2633333333333334,0.387,0.338
297,13-09,,,,0.186,0.159,,,,,0.191,0.164,,,0.281,0.219,,,0.29,,0.388,,,,,,0.338,,,,,0.0,0.1725,0.1775,0.2633333333333334,0.388,0.338
298,13-10,,,,0.186,0.159,,,,,0.191,0.163,,,0.28,0.218,,,0.289,,0.388,,,,,,0.339,,,,,0.0,0.1725,0.177,0.2623333333333333,0.388,0.339
299,13-11,,,,0.186,0.159,,,,,0.191,0.163,,,0.28,0.218,,,0.289,,0.388,,,,,,0.338,,,,,0.2,0.1725,0.177,0.2623333333333333,0.388,0.338
300,13-12,,,,0.186,0.159,,,,,0.191,0.164,,,0.28,0.217,,,0.288,,0.388,,,,,,0.339,,,,,0.0,0.1725,0.1775,0.2616666666666667,0.388,0.339
301,13-13,,,,0.186,0.157,,,,,0.191,0.164,,,0.279,0.217,,,0.288,,0.388,,,,,,0.338,,,,,0.0,0.1715,0.1775,0.2613333333333334,0.388,0.338
302,13-14,,,,0.185,0.159,,,,,0.191,0.163,,,0.278,0.217,,,0.288,,0.388,,,,,,0.339,,,,,0.0,0.172,0.177,0.261,0.388,0.339
303,13-15,,,,0.184,0.158,,,,,0.19,0.162,,,0.278,0.216,,,0.287,,0.388,,,,,,0.339,,,,,0.0,0.171,0.176,0.2603333333333333,0.388,0.339
304,13-16,,,,0.183,0.157,,,,,0.19,0.161,,,0.276,0.214,,,0.286,,0.388,,,,,,0.339,,,,,0.0,0.17,0.1755,0.2586666666666667,0.388,0.339
305,13-17,,,,0.182,0.154,,,,,0.189,0.159,,,0.275,0.212,,,0.284,,0.388,,,,,,0.339,,,,,0.0,0.168,0.174,0.257,0.388,0.339
306,13-18,,,,0.18,0.152,,,,,0.188,0.157,,,0.274,0.209,,,0.282,,0.388,,,,,,0.339,,,,,0.0,0.166,0.1725,0.2549999999999999,0.388,0.339
307,13-19,,,,0.179,0.15,,,,,0.187,0.156,,,0.271,0.206,,,0.28,,0.388,,,,,,0.339,,,,,0.0,0.1645,0.1715,0.2523333333333334,0.388,0.339
308,13-20,,,,0.178,0.149,,,,,0.186,0.155,,,0.269,0.204,,,0.279,,0.388,,,,,,0.338,,,,,0.0,0.1635,0.1705,0.2506666666666666,0.388,0.338
309,13-21,,,,0.177,0.149,,,,,0.184,0.153,,,0.268,0.202,,,0.278,,0.388,,,,,,0.338,,,,,0.0,0.163,0.1685,0.2493333333333333,0.388,0.338
310,13-22,,,,0.176,0.147,,,,,0.184,0.152,,,0.266,0.2,,,0.275,,0.388,,,,,,0.338,,,,,0.0,0.1615,0.168,0.247,0.388,0.338
311,13-23,,,,0.176,0.149,,,,,0.183,0.152,,,0.264,0.198,,,0.274,,0.388,,,,,,0.338,,,,,0.0,0.1625,0.1675,0.2453333333333333,0.388,0.338
312,14-00,,,,0.177,0.148,,,,,0.182,0.151,,,0.263,0.197,,,0.272,,0.388,,,,,,0.338,,,,,0.0,0.1625,0.1665,0.244,0.388,0.338
313,14-01,,,,0.177,0.147,,,,,0.182,0.152,,,0.263,0.197,,,0.271,,0.387,,,,,,0.338,,,,,0.0,0.162,0.167,0.2436666666666667,0.387,0.338
314,14-02,,,,0.177,0.148,,,,,0.182,0.152,,,0.262,0.197,,,0.272,,0.388,,,,,,0.338,,,,,0.0,0.1625,0.167,0.2436666666666667,0.388,0.338
315,14-03,,,,0.177,0.148,,,,,0.183,0.153,,,0.262,0.197,,,0.271,,0.387,,,,,,0.338,,,,,0.0,0.1625,0.168,0.2433333333333333,0.387,0.338
316,14-04,,,,0.177,0.148,,,,,0.183,0.153,,,0.262,0.197,,,0.27,,0.388,,,,,,0.338,,,,,0.3,0.1625,0.168,0.243,0.388,0.338
317,14-05,,,,0.177,0.149,,,,,0.183,0.152,,,0.262,0.197,,,0.271,,0.388,,,,,,0.338,,,,,0.0,0.163,0.1675,0.2433333333333333,0.388,0.338
318,14-06,,,,0.177,0.149,,,,,0.183,0.153,,,0.262,0.197,,,0.271,,0.388,,,,,,0.338,,,,,0.0,0.163,0.168,0.2433333333333333,0.388,0.338
319,14-07,,,,0.177,0.15,,,,,0.183,0.153,,,0.261,0.197,,,0.27,,0.388,,,,,,0.338,,,,,0.0,0.1635,0.168,0.2426666666666667,0.388,0.338
320,14-08,,,,0.177,0.15,,,,,0.183,0.153,,,0.262,0.197,,,0.271,,0.388,,,,,,0.338,,,,,0.0,0.1635,0.168,0.2433333333333333,0.388,0.338
321,14-09,,,,0.177,0.15,,,,,0.183,0.154,,,0.261,0.197,,,0.27,,0.388,,,,,,0.339,,,,,0.0,0.1635,0.1685,0.2426666666666667,0.388,0.339
322,14-10,,,,0.177,0.15,,,,,0.183,0.153,,,0.261,0.198,,,0.27,,0.388,,,,,,0.338,,,,,0.0,0.1635,0.168,0.243,0.388,0.338
323,14-11,,,,0.177,0.15,,,,,0.184,0.153,,,0.261,0.197,,,0.271,,0.387,,,,,,0.338,,,,,0.0,0.1635,0.1685,0.243,0.387,0.338
324,14-12,,,,0.177,0.15,,,,,0.183,0.154,,,0.262,0.197,,,0.271,,0.388,,,,,,0.338,,,,,0.2,0.1635,0.1685,0.2433333333333333,0.388,0.338
325,14-13,,,,0.177,0.15,,,,,0.184,0.153,,,0.261,0.197,,,0.271,,0.388,,,,,,0.338,,,,,0.0,0.1635,0.1685,0.243,0.388,0.338
326,14-14,,,,0.177,0.149,,,,,0.183,0.152,,,0.259,0.196,,,0.27,,0.388,,,,,,0.338,,,,,0.0,0.163,0.1675,0.2416666666666667,0.388,0.338
327,14-15,,,,0.176,0.148,,,,,0.183,0.153,,,0.259,0.195,,,0.269,,0.388,,,,,,0.338,,,,,0.0,0.162,0.168,0.241,0.388,0.338
328,14-16,,,,0.175,0.147,,,,,0.182,0.151,,,0.256,0.194,,,0.268,,0.388,,,,,,0.338,,,,,0.0,0.161,0.1665,0.2393333333333333,0.388,0.338
329,14-17,,,,0.174,0.145,,,,,0.181,0.15,,,0.254,0.192,,,0.266,,0.388,,,,,,0.338,,,,,0.0,0.1595,0.1655,0.2373333333333333,0.388,0.338
330,14-18,,,,0.173,0.144,,,,,0.18,0.149,,,0.252,0.189,,,0.264,,0.388,,,,,,0.338,,,,,0.0,0.1585,0.1645,0.235,0.388,0.338
331,14-19,,,,0.172,0.143,,,,,0.178,0.147,,,0.25,0.187,,,0.262,,0.387,,,,,,0.338,,,,,0.0,0.1575,0.1625,0.233,0.387,0.338
332,14-20,,,,0.171,0.142,,,,,0.177,0.147,,,0.249,0.185,,,0.26,,0.388,,,,,,0.338,,,,,0.0,0.1565,0.162,0.2313333333333333,0.388,0.338
333,14-21,,,,0.171,0.141,,,,,0.176,0.146,,,0.248,0.184,,,0.257,,0.388,,,,,,0.338,,,,,0.0,0.156,0.161,0.2296666666666667,0.388,0.338
334,14-22,,,,0.171,0.142,,,,,0.176,0.145,,,0.247,0.184,,,0.256,,0.387,,,,,,0.338,,,,,0.0,0.1565,0.1605,0.229,0.387,0.338
335,14-23,,,,0.171,0.141,,,,,0.175,0.146,,,0.246,0.184,,,0.255,,0.388,,,,,,0.338,,,,,0.0,0.156,0.1605,0.2283333333333334,0.388,0.338
336,15-00,,,,0.171,0.142,,,,,0.175,0.146,,,0.246,0.182,,,0.254,,0.387,,,,,,0.338,,,,,0.0,0.1565,0.1605,0.2273333333333333,0.387,0.338
337,15-01,,,,0.171,0.142,,,,,0.175,0.146,,,0.246,0.182,,,0.252,,0.388,,,,,,0.338,,,,,0.0,0.1565,0.1605,0.2266666666666667,0.388,0.338
338,15-02,,,,0.171,0.142,,,,,0.176,0.146,,,0.246,0.182,,,0.252,,0.387,,,,,,0.338,,,,,0.0,0.1565,0.161,0.2266666666666667,0.387,0.338
339,15-03,,,,0.171,0.141,,,,,0.175,0.146,,,0.246,0.182,,,0.251,,0.388,,,,,,0.338,,,,,0.0,0.156,0.1605,0.2263333333333334,0.388,0.338
340,15-04,,,,0.171,0.141,,,,,0.176,0.146,,,0.245,0.182,,,0.251,,0.387,,,,,,0.338,,,,,0.0,0.156,0.161,0.226,0.387,0.338
341,15-05,,,,0.171,0.142,,,,,0.175,0.146,,,0.244,0.182,,,0.251,,0.387,,,,,,0.338,,,,,0.0,0.1565,0.1605,0.2256666666666667,0.387,0.338
342,15-06,,,,0.171,0.142,,,,,0.175,0.146,,,0.245,0.182,,,0.251,,0.387,,,,,,0.338,,,,,0.0,0.1565,0.1605,0.226,0.387,0.338
343,15-07,,,,0.171,0.143,,,,,0.175,0.146,,,0.244,0.183,,,0.251,,0.387,,,,,,0.337,,,,,0.0,0.157,0.1605,0.226,0.387,0.337
344,15-08,,,,0.171,0.141,,,,,0.176,0.146,,,0.245,0.182,,,0.251,,0.388,,,,,,0.338,,,,,0.0,0.156,0.161,0.226,0.388,0.338
345,15-09,,,,0.171,0.141,,,,,0.176,0.146,,,0.245,0.182,,,0.251,,0.387,,,,,,0.337,,,,,0.0,0.156,0.161,0.226,0.387,0.337
346,15-10,,,,0.171,0.143,,,,,0.176,0.146,,,0.245,0.183,,,0.252,,0.387,,,,,,0.337,,,,,0.0,0.157,0.161,0.2266666666666667,0.387,0.337
347,15-11,,,,0.171,0.143,,,,,0.176,0.146,,,0.245,0.182,,,0.251,,0.387,,,,,,0.338,,,,,0.0,0.157,0.161,0.226,0.387,0.338
348,15-12,,,,0.171,0.143,,,,,0.175,0.146,,,0.245,0.182,,,0.251,,0.387,,,,,,0.337,,,,,0.0,0.157,0.1605,0.226,0.387,0.337
349,15-13,,,,0.171,0.142,,,,,0.175,0.145,,,0.244,0.182,,,0.25,,0.387,,,,,,0.338,,,,,0.0,0.1565,0.16,0.2253333333333333,0.387,0.338
350,15-14,,,,0.17,0.141,,,,,0.175,0.144,,,0.243,0.181,,,0.25,,0.388,,,,,,0.338,,,,,0.0,0.1555,0.1595,0.2246666666666667,0.388,0.338
351,15-15,,,,0.17,0.14,,,,,0.174,0.145,,,0.241,0.179,,,0.248,,0.388,,,,,,0.338,,,,,0.0,0.155,0.1595,0.2226666666666667,0.388,0.338
352,15-16,,,,0.168,0.139,,,,,0.173,0.142,,,0.24,0.177,,,0.247,,0.387,,,,,,0.338,,,,,0.0,0.1535,0.1575,0.2213333333333333,0.387,0.338
353,15-17,,,,0.167,0.137,,,,,0.172,0.142,,,0.239,0.175,,,0.245,,0.387,,,,,,0.338,,,,,0.0,0.152,0.157,0.2196666666666667,0.387,0.338
354,15-18,,,,0.166,0.136,,,,,0.171,0.14,,,0.237,0.174,,,0.244,,0.387,,,,,,0.337,,,,,0.0,0.151,0.1555,0.2183333333333334,0.387,0.337
355,15-19,,,,0.165,0.135,,,,,0.169,0.139,,,0.236,0.173,,,0.242,,0.387,,,,,,0.337,,,,,0.0,0.15,0.154,0.217,0.387,0.337
356,15-20,,,,0.164,0.134,,,,,0.168,0.138,,,0.236,0.171,,,0.241,,0.387,,,,,,0.337,,,,,0.0,0.149,0.153,0.216,0.387,0.337
357,15-21,,,,0.163,0.132,,,,,0.166,0.137,,,0.234,0.17,,,0.239,,0.387,,,,,,0.337,,,,,0.0,0.1475,0.1515,0.2143333333333333,0.387,0.337
358,15-22,,,,0.162,0.132,,,,,0.165,0.136,,,0.233,0.169,,,0.238,,0.387,,,,,,0.337,,,,,0.0,0.147,0.1505,0.2133333333333333,0.387,0.337
359,15-23,,,,0.163,0.134,,,,,0.165,0.137,,,0.232,0.167,,,0.237,,0.387,,,,,,0.337,,,,,0.0,0.1485,0.151,0.212,0.387,0.337
360,16-00,,,,0.163,0.133,,,,,0.164,0.136,,,0.231,0.168,,,0.236,,0.387,,,,,,0.337,,,,,0.0,0.148,0.15,0.2116666666666667,0.387,0.337
361,16-01,,,,0.163,0.133,,,,,0.164,0.136,,,0.231,0.167,,,0.235,,0.387,,,,,,0.337,,,,,0.0,0.148,0.15,0.211,0.387,0.337
362,16-02,,,,0.163,0.132,,,,,0.164,0.135,,,0.232,0.166,,,0.235,,0.387,,,,,,0.337,,,,,0.0,0.1475,0.1495,0.211,0.387,0.337
363,16-03,,,,0.164,0.132,,,,,0.164,0.137,,,0.231,0.167,,,0.234,,0.387,,,,,,0.338,,,,,0.0,0.148,0.1505,0.2106666666666667,0.387,0.338
364,16-04,,,,0.164,0.132,,,,,0.165,0.137,,,0.231,0.166,,,0.234,,0.387,,,,,,0.337,,,,,0.0,0.148,0.151,0.2103333333333333,0.387,0.337
365,16-05,,,,0.164,0.132,,,,,0.164,0.136,,,0.23,0.167,,,0.234,,0.387,,,,,,0.337,,,,,0.0,0.148,0.15,0.2103333333333333,0.387,0.337
366,16-06,,,,0.164,0.133,,,,,0.164,0.137,,,0.23,0.166,,,0.235,,0.387,,,,,,0.337,,,,,0.0,0.1485,0.1505,0.2103333333333333,0.387,0.337
367,16-07,,,,0.164,0.133,,,,,0.165,0.138,,,0.231,0.168,,,0.234,,0.387,,,,,,0.337,,,,,0.0,0.1485,0.1515,0.211,0.387,0.337
368,16-08,,,,0.164,0.133,,,,,0.166,0.137,,,0.23,0.166,,,0.234,,0.387,,,,,,0.338,,,,,0.0,0.1485,0.1515,0.21,0.387,0.338
369,16-09,,,,0.164,0.134,,,,,0.165,0.136,,,0.23,0.167,,,0.234,,0.387,,,,,,0.338,,,,,0.0,0.149,0.1505,0.2103333333333333,0.387,0.338
370,16-10,,,,0.164,0.135,,,,,0.165,0.136,,,0.231,0.168,,,0.235,,0.387,,,,,,0.337,,,,,0.0,0.1495,0.1505,0.2113333333333333,0.387,0.337
371,16-11,,,,0.164,0.135,,,,,0.166,0.137,,,0.231,0.167,,,0.235,,0.387,,,,,,0.337,,,,,0.0,0.1495,0.1515,0.211,0.387,0.337
372,16-12,,,,0.164,0.135,,,,,0.165,0.137,,,0.23,0.167,,,0.235,,0.387,,,,,,0.337,,,,,0.0,0.1495,0.151,0.2106666666666667,0.387,0.337
373,16-13,,,,0.164,0.134,,,,,0.165,0.138,,,0.23,0.167,,,0.234,,0.387,,,,,,0.337,,,,,0.0,0.149,0.1515,0.2103333333333333,0.387,0.337
374,16-14,,,,0.163,0.133,,,,,0.165,0.137,,,0.229,0.166,,,0.234,,0.387,,,,,,0.337,,,,,0.0,0.148,0.151,0.2096666666666667,0.387,0.337
375,16-15,,,,0.163,0.133,,,,,0.164,0.137,,,0.229,0.165,,,0.234,,0.387,,,,,,0.337,,,,,0.0,0.148,0.1505,0.2093333333333333,0.387,0.337
376,16-16,,,,0.162,0.132,,,,,0.163,0.135,,,0.227,0.164,,,0.232,,0.387,,,,,,0.337,,,,,0.0,0.147,0.149,0.2076666666666667,0.387,0.337
377,16-17,,,,0.16,0.131,,,,,0.162,0.135,,,0.226,0.163,,,0.231,,0.387,,,,,,0.338,,,,,0.0,0.1455,0.1485,0.2066666666666667,0.387,0.338
378,16-18,,,,0.159,0.13,,,,,0.161,0.134,,,0.225,0.163,,,0.23,,0.387,,,,,,0.337,,,,,0.0,0.1445,0.1475,0.206,0.387,0.337
379,16-19,,,,0.158,0.128,,,,,0.16,0.133,,,0.223,0.162,,,0.229,,0.387,,,,,,0.337,,,,,0.0,0.143,0.1465,0.2046666666666667,0.387,0.337
380,16-20,,,,0.157,0.127,,,,,0.158,0.132,,,0.222,0.16,,,0.228,,0.387,,,,,,0.337,,,,,0.0,0.142,0.145,0.2033333333333333,0.387,0.337
381,16-21,,,,0.156,0.127,,,,,0.157,0.132,,,0.22,0.159,,,0.227,,0.387,,,,,,0.337,,,,,0.0,0.1415,0.1445,0.202,0.387,0.337
382,16-22,,,,0.156,0.127,,,,,0.154,0.13,,,0.219,0.158,,,0.225,,0.387,,,,,,0.337,,,,,0.0,0.1415,0.142,0.2006666666666667,0.387,0.337
383,16-23,,,,0.156,0.126,,,,,0.154,0.129,,,0.218,0.158,,,0.225,,0.387,,,,,,0.337,,,,,0.0,0.141,0.1415,0.2003333333333333,0.387,0.337
384,17-00,,,,0.156,0.127,,,,,0.154,0.132,,,0.218,0.157,,,0.224,,0.387,,,,,,0.337,,,,,0.0,0.1415,0.143,0.1996666666666667,0.387,0.337
385,17-01,,,,0.157,0.128,,,,,0.154,0.132,,,0.218,0.157,,,0.224,,0.387,,,,,,0.337,,,,,0.3,0.1425,0.143,0.1996666666666667,0.387,0.337
386,17-02,,,,0.157,0.127,,,,,0.154,0.132,,,0.217,0.157,,,0.224,,0.386,,,,,,0.337,,,,,0.0,0.142,0.143,0.1993333333333333,0.386,0.337
387,17-03,,,,0.157,0.125,,,,,0.154,0.131,,,0.218,0.157,,,0.224,,0.386,,,,,,0.337,,,,,0.0,0.141,0.1425,0.1996666666666667,0.386,0.337
388,17-04,,,,0.157,0.127,,,,,0.156,0.131,,,0.218,0.156,,,0.223,,0.386,,,,,,0.337,,,,,0.0,0.142,0.1435,0.199,0.386,0.337
389,17-05,,,,0.158,0.128,,,,,0.155,0.131,,,0.217,0.156,,,0.223,,0.386,,,,,,0.337,,,,,1.4,0.143,0.143,0.1986666666666667,0.386,0.337
390,17-06,,,,0.159,0.128,,,,,0.157,0.132,,,0.217,0.158,,,0.223,,0.386,,,,,,0.337,,,,,0.0,0.1435,0.1445,0.1993333333333333,0.386,0.337
391,17-07,,,,0.159,0.129,,,,,0.158,0.132,,,0.218,0.159,,,0.224,,0.386,,,,,,0.337,,,,,0.0,0.144,0.145,0.2003333333333333,0.386,0.337
392,17-08,,,,0.178,0.137,,,,,0.161,0.132,,,0.222,0.165,,,0.223,,0.387,,,,,,0.337,,,,,26.8,0.1575,0.1465,0.2033333333333333,0.387,0.337
393,17-09,,,,0.36,0.35,,,,,0.291,0.299,,,0.352,0.299,,,0.321,,0.394,,,,,,0.344,,,,,41.1,0.355,0.295,0.324,0.394,0.344
394,17-10,,,,0.366,0.375,,,,,0.326,0.364,,,0.362,0.305,,,0.368,,0.399,,,,,,0.35,,,,,0.0,0.3705,0.345,0.345,0.399,0.35
395,17-11,,,,0.367,0.378,,,,,0.337,0.368,,,0.363,0.305,,,0.373,,0.4,,,,,,0.35,,,,,0.2,0.3725,0.3525,0.347,0.4,0.35
396,17-12,,,,0.368,0.379,,,,,0.345,0.37,,,0.364,0.306,,,0.374,,0.4,,,,,,0.351,,,,,0.0,0.3735,0.3575,0.348,0.4,0.351
397,17-13,,,,0.368,0.381,,,,,0.35,0.371,,,0.365,0.305,,,0.376,,0.401,,,,,,0.35,,,,,0.0,0.3745,0.3605,0.3486666666666666,0.401,0.35
398,17-14,,,,0.368,0.381,,,,,0.353,0.373,,,0.365,0.306,,,0.377,,0.401,,,,,,0.351,,,,,0.0,0.3745,0.363,0.3493333333333333,0.401,0.351
399,17-15,,,,0.368,0.381,,,,,0.355,0.373,,,0.366,0.304,,,0.377,,0.402,,,,,,0.351,,,,,0.0,0.3745,0.364,0.349,0.402,0.351
400,17-16,,,,0.368,0.381,,,,,0.357,0.373,,,0.366,0.304,,,0.378,,0.402,,,,,,0.351,,,,,0.0,0.3745,0.365,0.3493333333333333,0.402,0.351
401,17-17,,,,0.367,0.381,,,,,0.357,0.374,,,0.366,0.304,,,0.378,,0.402,,,,,,0.35,,,,,0.0,0.374,0.3655,0.3493333333333333,0.402,0.35
402,17-18,,,,0.367,0.381,,,,,0.356,0.375,,,0.366,0.304,,,0.378,,0.402,,,,,,0.35,,,,,0.0,0.374,0.3655,0.3493333333333333,0.402,0.35
403,17-19,,,,0.367,0.38,,,,,0.357,0.375,,,0.366,0.304,,,0.378,,0.402,,,,,,0.35,,,,,0.0,0.3735,0.366,0.3493333333333333,0.402,0.35
404,17-20,,,,0.367,0.38,,,,,0.357,0.375,,,0.366,0.304,,,0.378,,0.402,,,,,,0.35,,,,,0.0,0.3735,0.366,0.3493333333333333,0.402,0.35
405,17-21,,,,0.367,0.379,,,,,0.357,0.375,,,0.366,0.303,,,0.379,,0.403,,,,,,0.349,,,,,0.0,0.373,0.366,0.3493333333333333,0.403,0.349
406,17-22,,,,0.367,0.379,,,,,0.356,0.375,,,0.367,0.303,,,0.379,,0.403,,,,,,0.349,,,,,0.0,0.373,0.3655,0.3496666666666666,0.403,0.349
407,17-23,,,,0.367,0.378,,,,,0.356,0.374,,,0.367,0.303,,,0.379,,0.403,,,,,,0.349,,,,,0.0,0.3725,0.365,0.3496666666666666,0.403,0.349
408,18-00,,,,0.367,0.377,,,,,0.357,0.374,,,0.366,0.303,,,0.38,,0.403,,,,,,0.349,,,,,0.0,0.372,0.3655,0.3496666666666666,0.403,0.349
409,18-01,,,,0.367,0.378,,,,,0.356,0.374,,,0.367,0.302,,,0.38,,0.403,,,,,,0.348,,,,,0.0,0.3725,0.365,0.3496666666666666,0.403,0.348
410,18-02,,,,0.367,0.377,,,,,0.356,0.374,,,0.367,0.303,,,0.38,,0.403,,,,,,0.348,,,,,0.0,0.372,0.365,0.3499999999999999,0.403,0.348
411,18-03,,,,0.367,0.378,,,,,0.356,0.374,,,0.368,0.303,,,0.38,,0.402,,,,,,0.349,,,,,0.0,0.3725,0.365,0.3503333333333334,0.402,0.349
412,18-04,,,,0.367,0.378,,,,,0.357,0.373,,,0.368,0.304,,,0.381,,0.402,,,,,,0.349,,,,,0.0,0.3725,0.365,0.351,0.402,0.349
413,18-05,,,,0.367,0.378,,,,,0.357,0.373,,,0.368,0.304,,,0.381,,0.403,,,,,,0.348,,,,,0.0,0.3725,0.365,0.351,0.403,0.348
414,18-06,,,,0.367,0.378,,,,,0.357,0.373,,,0.368,0.304,,,0.382,,0.403,,,,,,0.349,,,,,0.0,0.3725,0.365,0.3513333333333333,0.403,0.349
415,18-07,,,,0.367,0.378,,,,,0.357,0.373,,,0.369,0.304,,,0.381,,0.403,,,,,,0.349,,,,,0.0,0.3725,0.365,0.3513333333333333,0.403,0.349
416,18-08,,,,0.368,0.378,,,,,0.357,0.373,,,0.369,0.305,,,0.382,,0.402,,,,,,0.348,,,,,0.0,0.373,0.365,0.352,0.402,0.348
417,18-09,,,,0.367,0.378,,,,,0.357,0.373,,,0.369,0.305,,,0.382,,0.403,,,,,,0.348,,,,,0.0,0.3725,0.365,0.352,0.403,0.348
418,18-10,,,,0.368,0.378,,,,,0.357,0.373,,,0.369,0.306,,,0.382,,0.402,,,,,,0.348,,,,,0.0,0.373,0.365,0.3523333333333333,0.402,0.348
419,18-11,,,,0.368,0.378,,,,,0.357,0.373,,,0.37,0.306,,,0.383,,0.402,,,,,,0.348,,,,,0.0,0.373,0.365,0.353,0.402,0.348
420,18-12,,,,0.367,0.378,,,,,0.357,0.373,,,0.37,0.306,,,0.382,,0.403,,,,,,0.348,,,,,0.0,0.3725,0.365,0.3526666666666666,0.403,0.348
421,18-13,,,,0.368,0.378,,,,,0.358,0.373,,,0.37,0.306,,,0.383,,0.402,,,,,,0.349,,,,,0.0,0.373,0.3655,0.353,0.402,0.349
422,18-14,,,,0.367,0.378,,,,,0.357,0.372,,,0.37,0.306,,,0.383,,0.402,,,,,,0.349,,,,,0.0,0.3725,0.3645,0.353,0.402,0.349
423,18-15,,,,0.367,0.377,,,,,0.357,0.372,,,0.37,0.307,,,0.384,,0.402,,,,,,0.348,,,,,0.0,0.372,0.3645,0.3536666666666666,0.402,0.348
424,18-16,,,,0.366,0.376,,,,,0.356,0.371,,,0.37,0.306,,,0.383,,0.402,,,,,,0.348,,,,,0.0,0.371,0.3635,0.353,0.402,0.348
425,18-17,,,,0.365,0.376,,,,,0.356,0.371,,,0.37,0.306,,,0.383,,0.402,,,,,,0.348,,,,,0.0,0.3705,0.3635,0.353,0.402,0.348
426,18-18,,,,0.364,0.374,,,,,0.354,0.369,,,0.369,0.307,,,0.382,,0.402,,,,,,0.347,,,,,0.0,0.369,0.3615,0.3526666666666666,0.402,0.347
427,18-19,,,,0.364,0.373,,,,,0.352,0.369,,,0.37,0.306,,,0.382,,0.402,,,,,,0.347,,,,,0.0,0.3685,0.3605,0.3526666666666666,0.402,0.347
428,18-20,,,,0.363,0.373,,,,,0.351,0.368,,,0.37,0.305,,,0.382,,0.402,,,,,,0.346,,,,,0.0,0.368,0.3595,0.3523333333333333,0.402,0.346
429,18-21,,,,0.362,0.372,,,,,0.35,0.367,,,0.369,0.306,,,0.381,,0.401,,,,,,0.346,,,,,0.0,0.367,0.3585,0.352,0.401,0.346
430,18-22,,,,0.362,0.372,,,,,0.348,0.366,,,0.369,0.305,,,0.381,,0.401,,,,,,0.346,,,,,0.0,0.367,0.357,0.3516666666666666,0.401,0.346
431,18-23,,,,0.362,0.37,,,,,0.347,0.366,,,0.368,0.305,,,0.381,,0.401,,,,,,0.346,,,,,0.0,0.366,0.3565,0.3513333333333333,0.401,0.346
432,19-00,,,,0.362,0.37,,,,,0.348,0.366,,,0.368,0.305,,,0.38,,0.401,,,,,,0.346,,,,,0.0,0.366,0.357,0.351,0.401,0.346
433,19-01,,,,0.361,0.37,,,,,0.346,0.365,,,0.368,0.305,,,0.38,,0.401,,,,,,0.346,,,,,0.0,0.3655,0.3555,0.351,0.401,0.346
434,19-02,,,,0.362,0.37,,,,,0.347,0.365,,,0.368,0.305,,,0.38,,0.401,,,,,,0.345,,,,,0.0,0.366,0.356,0.351,0.401,0.345
435,19-03,,,,0.361,0.37,,,,,0.347,0.365,,,0.368,0.306,,,0.38,,0.401,,,,,,0.346,,,,,0.0,0.3655,0.356,0.3513333333333333,0.401,0.346
436,19-04,,,,0.361,0.37,,,,,0.348,0.365,,,0.368,0.306,,,0.38,,0.401,,,,,,0.346,,,,,0.0,0.3655,0.3565,0.3513333333333333,0.401,0.346
437,19-05,,,,0.361,0.371,,,,,0.347,0.365,,,0.368,0.306,,,0.38,,0.401,,,,,,0.347,,,,,0.0,0.366,0.356,0.3513333333333333,0.401,0.347
438,19-06,,,,0.361,0.371,,,,,0.348,0.365,,,0.368,0.306,,,0.38,,0.4,,,,,,0.346,,,,,0.0,0.366,0.3565,0.3513333333333333,0.4,0.346
439,19-07,,,,0.361,0.371,,,,,0.348,0.365,,,0.367,0.306,,,0.381,,0.4,,,,,,0.346,,,,,0.0,0.366,0.3565,0.3513333333333333,0.4,0.346
440,19-08,,,,0.361,0.371,,,,,0.347,0.365,,,0.368,0.307,,,0.38,,0.401,,,,,,0.345,,,,,0.0,0.366,0.356,0.3516666666666667,0.401,0.345
441,19-09,,,,0.361,0.371,,,,,0.347,0.365,,,0.368,0.307,,,0.381,,0.4,,,,,,0.346,,,,,0.0,0.366,0.356,0.352,0.4,0.346
442,19-10,,,,0.361,0.371,,,,,0.348,0.364,,,0.368,0.307,,,0.381,,0.4,,,,,,0.346,,,,,0.0,0.366,0.356,0.352,0.4,0.346
443,19-11,,,,0.362,0.371,,,,,0.348,0.364,,,0.368,0.307,,,0.381,,0.4,,,,,,0.346,,,,,0.0,0.3665,0.356,0.352,0.4,0.346
444,19-12,,,,0.361,0.371,,,,,0.347,0.364,,,0.368,0.307,,,0.382,,0.4,,,,,,0.345,,,,,0.0,0.366,0.3555,0.3523333333333333,0.4,0.345
445,19-13,,,,0.361,0.37,,,,,0.348,0.364,,,0.369,0.307,,,0.381,,0.4,,,,,,0.346,,,,,0.0,0.3655,0.356,0.3523333333333333,0.4,0.346
446,19-14,,,,0.361,0.369,,,,,0.347,0.364,,,0.369,0.307,,,0.381,,0.4,,,,,,0.345,,,,,0.0,0.365,0.3555,0.3523333333333333,0.4,0.345
447,19-15,,,,0.36,0.369,,,,,0.346,0.363,,,0.368,0.307,,,0.381,,0.4,,,,,,0.345,,,,,0.0,0.3645,0.3545,0.352,0.4,0.345
448,19-16,,,,0.36,0.368,,,,,0.346,0.362,,,0.367,0.307,,,0.381,,0.4,,,,,,0.345,,,,,0.0,0.364,0.354,0.3516666666666666,0.4,0.345
449,19-17,,,,0.358,0.368,,,,,0.344,0.362,,,0.368,0.307,,,0.38,,0.4,,,,,,0.344,,,,,0.0,0.363,0.353,0.3516666666666667,0.4,0.344
450,19-18,,,,0.357,0.366,,,,,0.343,0.36,,,0.367,0.307,,,0.38,,0.4,,,,,,0.344,,,,,0.0,0.3615,0.3515,0.3513333333333333,0.4,0.344
451,19-19,,,,0.355,0.364,,,,,0.34,0.359,,,0.367,0.307,,,0.38,,0.399,,,,,,0.344,,,,,0.0,0.3595,0.3495,0.3513333333333333,0.399,0.344
452,19-20,,,,0.353,0.363,,,,,0.338,0.359,,,0.367,0.306,,,0.379,,0.399,,,,,,0.343,,,,,0.0,0.358,0.3485,0.3506666666666667,0.399,0.343
453,19-21,,,,0.352,0.361,,,,,0.337,0.357,,,0.367,0.305,,,0.379,,0.399,,,,,,0.343,,,,,0.0,0.3565,0.347,0.3503333333333333,0.399,0.343
454,19-22,,,,0.351,0.359,,,,,0.335,0.356,,,0.367,0.305,,,0.379,,0.399,,,,,,0.343,,,,,0.0,0.355,0.3455,0.3503333333333333,0.399,0.343
455,19-23,,,,0.351,0.358,,,,,0.333,0.355,,,0.367,0.304,,,0.378,,0.399,,,,,,0.343,,,,,0.0,0.3545,0.344,0.3496666666666666,0.399,0.343
456,20-00,,,,0.351,0.357,,,,,0.333,0.356,,,0.367,0.304,,,0.378,,0.399,,,,,,0.343,,,,,0.0,0.354,0.3445,0.3496666666666666,0.399,0.343
457,20-01,,,,0.35,0.356,,,,,0.333,0.356,,,0.367,0.304,,,0.378,,0.399,,,,,,0.342,,,,,0.0,0.353,0.3445,0.3496666666666666,0.399,0.342
458,20-02,,,,0.351,0.355,,,,,0.333,0.355,,,0.367,0.304,,,0.379,,0.399,,,,,,0.342,,,,,0.0,0.353,0.344,0.35,0.399,0.342
459,20-03,,,,0.35,0.356,,,,,0.332,0.355,,,0.366,0.304,,,0.378,,0.399,,,,,,0.343,,,,,0.0,0.353,0.3435,0.3493333333333333,0.399,0.343
460,20-04,,,,0.35,0.354,,,,,0.332,0.355,,,0.366,0.304,,,0.378,,0.399,,,,,,0.342,,,,,0.0,0.352,0.3435,0.3493333333333333,0.399,0.342
461,20-05,,,,0.35,0.354,,,,,0.332,0.354,,,0.366,0.305,,,0.378,,0.399,,,,,,0.342,,,,,0.0,0.352,0.343,0.3496666666666666,0.399,0.342
462,20-06,,,,0.349,0.352,,,,,0.333,0.353,,,0.367,0.305,,,0.378,,0.399,,,,,,0.343,,,,,0.0,0.3505,0.343,0.3499999999999999,0.399,0.343
463,20-07,,,,0.349,0.353,,,,,0.332,0.353,,,0.366,0.305,,,0.379,,0.398,,,,,,0.343,,,,,0.0,0.351,0.3425,0.35,0.398,0.343
464,20-08,,,,0.349,0.353,,,,,0.332,0.353,,,0.367,0.305,,,0.379,,0.398,,,,,,0.343,,,,,0.0,0.351,0.3425,0.3503333333333333,0.398,0.343
465,20-09,,,,0.348,0.352,,,,,0.332,0.353,,,0.366,0.305,,,0.379,,0.398,,,,,,0.343,,,,,0.0,0.35,0.3425,0.35,0.398,0.343
466,20-10,,,,0.349,0.352,,,,,0.332,0.353,,,0.367,0.305,,,0.379,,0.399,,,,,,0.342,,,,,0.0,0.3505,0.3425,0.3503333333333333,0.399,0.342
467,20-11,,,,0.348,0.352,,,,,0.331,0.353,,,0.367,0.305,,,0.379,,0.399,,,,,,0.342,,,,,0.2,0.35,0.342,0.3503333333333333,0.399,0.342
468,20-12,,,,0.348,0.352,,,,,0.331,0.353,,,0.366,0.305,,,0.379,,0.398,,,,,,0.342,,,,,0.0,0.35,0.342,0.35,0.398,0.342
469,20-13,,,,0.348,0.351,,,,,0.331,0.353,,,0.367,0.305,,,0.379,,0.399,,,,,,0.343,,,,,0.0,0.3495,0.342,0.3503333333333333,0.399,0.343
470,20-14,,,,0.347,0.35,,,,,0.33,0.353,,,0.366,0.305,,,0.379,,0.398,,,,,,0.342,,,,,0.0,0.3485,0.3415,0.35,0.398,0.342
471,20-15,,,,0.346,0.35,,,,,0.33,0.352,,,0.367,0.305,,,0.379,,0.398,,,,,,0.342,,,,,0.0,0.348,0.341,0.3503333333333333,0.398,0.342
472,20-16,,,,0.343,0.348,,,,,0.329,0.352,,,0.366,0.305,,,0.378,,0.398,,,,,,0.341,,,,,0.0,0.3455,0.3405,0.3496666666666666,0.398,0.341
473,20-17,,,,0.34,0.346,,,,,0.327,0.351,,,0.367,0.305,,,0.379,,0.398,,,,,,0.342,,,,,0.0,0.343,0.339,0.3503333333333333,0.398,0.342
474,20-18,,,,0.336,0.343,,,,,0.325,0.35,,,0.366,0.304,,,0.379,,0.398,,,,,,0.341,,,,,0.0,0.3395,0.3375,0.3496666666666666,0.398,0.341
475,20-19,,,,0.332,0.34,,,,,0.323,0.348,,,0.366,0.303,,,0.378,,0.398,,,,,,0.341,,,,,0.0,0.336,0.3355,0.349,0.398,0.341
476,20-20,,,,0.328,0.337,,,,,0.323,0.347,,,0.366,0.303,,,0.378,,0.398,,,,,,0.34,,,,,0.0,0.3325,0.335,0.349,0.398,0.34
477,20-21,,,,0.326,0.334,,,,,0.322,0.342,,,0.366,0.303,,,0.378,,0.398,,,,,,0.341,,,,,0.0,0.33,0.332,0.349,0.398,0.341
478,20-22,,,,0.325,0.332,,,,,0.32,0.34,,,0.365,0.302,,,0.378,,0.398,,,,,,0.34,,,,,0.0,0.3285,0.33,0.3483333333333333,0.398,0.34
479,20-23,,,,0.324,0.329,,,,,0.319,0.338,,,0.366,0.302,,,0.378,,0.398,,,,,,0.34,,,,,0.0,0.3265,0.3285,0.3486666666666666,0.398,0.34
480,21-00,,,,0.323,0.327,,,,,0.319,0.338,,,0.365,0.302,,,0.378,,0.398,,,,,,0.34,,,,,0.0,0.325,0.3285,0.3483333333333333,0.398,0.34
481,21-01,,,,0.323,0.326,,,,,0.318,0.337,,,0.365,0.302,,,0.378,,0.397,,,,,,0.34,,,,,0.0,0.3245,0.3275,0.3483333333333333,0.397,0.34
482,21-02,,,,0.321,0.324,,,,,0.318,0.336,,,0.364,0.301,,,0.377,,0.397,,,,,,0.34,,,,,0.0,0.3225,0.327,0.3473333333333333,0.397,0.34
483,21-03,,,,0.321,0.322,,,,,0.318,0.336,,,0.366,0.302,,,0.378,,0.397,,,,,,0.34,,,,,0.0,0.3215,0.327,0.3486666666666666,0.397,0.34
484,21-04,,,,0.32,0.321,,,,,0.318,0.335,,,0.365,0.302,,,0.378,,0.398,,,,,,0.34,,,,,0.0,0.3205,0.3265,0.3483333333333333,0.398,0.34
485,21-05,,,,0.319,0.32,,,,,0.317,0.335,,,0.365,0.301,,,0.378,,0.398,,,,,,0.341,,,,,0.0,0.3195,0.326,0.348,0.398,0.341
486,21-06,,,,0.319,0.319,,,,,0.317,0.334,,,0.365,0.303,,,0.378,,0.397,,,,,,0.34,,,,,0.0,0.319,0.3255,0.3486666666666666,0.397,0.34
487,21-07,,,,0.319,0.319,,,,,0.316,0.334,,,0.365,0.302,,,0.378,,0.397,,,,,,0.34,,,,,0.0,0.319,0.325,0.3483333333333333,0.397,0.34
488,21-08,,,,0.319,0.318,,,,,0.317,0.335,,,0.365,0.302,,,0.378,,0.397,,,,,,0.34,,,,,0.0,0.3185,0.326,0.3483333333333333,0.397,0.34
489,21-09,,,,0.318,0.317,,,,,0.316,0.335,,,0.366,0.302,,,0.378,,0.397,,,,,,0.34,,,,,0.0,0.3175,0.3255,0.3486666666666666,0.397,0.34
490,21-10,,,,0.317,0.317,,,,,0.317,0.335,,,0.365,0.303,,,0.378,,0.397,,,,,,0.34,,,,,0.0,0.317,0.326,0.3486666666666666,0.397,0.34
491,21-11,,,,0.317,0.316,,,,,0.316,0.334,,,0.365,0.302,,,0.378,,0.397,,,,,,0.34,,,,,0.0,0.3165,0.325,0.3483333333333333,0.397,0.34
492,21-12,,,,0.316,0.315,,,,,0.315,0.333,,,0.365,0.302,,,0.378,,0.397,,,,,,0.34,,,,,0.0,0.3155,0.324,0.3483333333333333,0.397,0.34
493,21-13,,,,0.316,0.315,,,,,0.316,0.333,,,0.365,0.302,,,0.378,,0.397,,,,,,0.34,,,,,0.0,0.3155,0.3245,0.3483333333333333,0.397,0.34
494,21-14,,,,0.315,0.313,,,,,0.315,0.333,,,0.366,0.302,,,0.378,,0.397,,,,,,0.341,,,,,0.0,0.314,0.324,0.3486666666666666,0.397,0.341
495,21-15,,,,0.314,0.311,,,,,0.314,0.332,,,0.365,0.301,,,0.379,,0.397,,,,,,0.34,,,,,0.0,0.3125,0.323,0.3483333333333333,0.397,0.34
496,21-16,,,,0.312,0.308,,,,,0.313,0.331,,,0.365,0.301,,,0.378,,0.397,,,,,,0.34,,,,,0.0,0.31,0.322,0.348,0.397,0.34
497,21-17,,,,0.309,0.305,,,,,0.311,0.329,,,0.366,0.301,,,0.378,,0.397,,,,,,0.34,,,,,0.0,0.307,0.32,0.3483333333333333,0.397,0.34
498,21-18,,,,0.307,0.3,,,,,0.308,0.327,,,3.368,0.301,,,0.378,,3.672,,,,,,0.339,,,,,0.0,0.3035,0.3175,1.349,3.672,0.339
499,21-19,,,,0.305,0.296,,,,,0.306,0.325,,,0.365,0.3,,,0.378,,0.397,,,,,,0.339,,,,,0.0,0.3005,0.3155,0.3476666666666667,0.397,0.339
500,21-20,,,,0.301,0.293,,,,,0.303,0.324,,,0.365,0.3,,,0.378,,0.397,,,,,,0.339,,,,,0.0,0.297,0.3135,0.3476666666666667,0.397,0.339
501,21-21,,,,0.298,0.288,,,,,0.3,0.322,,,0.365,0.299,,,0.377,,0.397,,,,,,0.339,,,,,0.0,0.293,0.311,0.347,0.397,0.339
502,21-22,,,,0.294,0.284,,,,,0.297,0.32,,,0.365,0.299,,,0.377,,0.397,,,,,,0.338,,,,,0.0,0.289,0.3085,0.347,0.397,0.338
503,21-23,,,,0.292,0.281,,,,,0.294,0.318,,,0.365,0.298,,,0.377,,0.397,,,,,,0.339,,,,,0.0,0.2865,0.306,0.3466666666666667,0.397,0.339
504,22-00,,,,0.289,0.278,,,,,0.29,0.316,,,0.365,0.298,,,0.377,,0.397,,,,,,0.338,,,,,0.0,0.2835,0.303,0.3466666666666667,0.397,0.338
505,22-01,,,,0.288,0.276,,,,,0.289,0.313,,,0.365,0.298,,,0.377,,0.397,,,,,,0.339,,,,,0.2,0.282,0.301,0.3466666666666667,0.397,0.339
506,22-02,,,,0.287,0.274,,,,,0.288,0.312,,,0.364,0.298,,,0.377,,0.397,,,,,,0.338,,,,,0.0,0.2805,0.3,0.3463333333333333,0.397,0.338
507,22-03,,,,0.285,0.272,,,,,0.287,0.31,,,0.364,0.298,,,0.377,,0.397,,,,,,0.339,,,,,0.0,0.2785,0.2985,0.3463333333333333,0.397,0.339
508,22-04,,,,0.284,0.271,,,,,0.286,0.309,,,0.364,0.298,,,0.377,,0.396,,,,,,0.339,,,,,0.0,0.2775,0.2975,0.3463333333333333,0.396,0.339
509,22-05,,,,0.284,0.269,,,,,0.286,0.309,,,0.364,0.298,,,0.377,,0.396,,,,,,0.339,,,,,0.0,0.2765,0.2975,0.3463333333333333,0.396,0.339
510,22-06,,,,0.284,0.268,,,,,0.284,0.308,,,0.365,0.298,,,0.377,,0.397,,,,,,0.338,,,,,0.0,0.276,0.296,0.3466666666666667,0.397,0.338
511,22-07,,,,0.283,0.267,,,,,0.284,0.307,,,0.365,0.298,,,0.377,,0.397,,,,,,0.339,,,,,0.0,0.275,0.2955,0.3466666666666667,0.397,0.339
512,22-08,,,,0.283,0.266,,,,,0.284,0.307,,,0.364,0.298,,,0.378,,0.396,,,,,,0.338,,,,,0.0,0.2745,0.2955,0.3466666666666667,0.396,0.338
513,22-09,,,,2.829,0.265,,,,,0.284,0.307,,,0.365,0.298,,,0.378,,3.663,,,,,,3.127,,,,,0.0,1.547,0.2955,0.347,3.663,3.127
514,22-10,,,,0.282,0.265,,,,,0.283,0.306,,,0.365,0.298,,,0.377,,0.396,,,,,,0.339,,,,,0.0,0.2735,0.2945,0.3466666666666667,0.396,0.339
515,22-11,,,,0.282,0.263,,,,,0.283,0.305,,,0.365,0.298,,,0.378,,0.397,,,,,,0.338,,,,,0.0,0.2725,0.294,0.347,0.397,0.338
516,22-12,,,,0.282,0.263,,,,,0.283,0.305,,,0.364,0.298,,,0.378,,0.396,,,,,,0.338,,,,,0.0,0.2725,0.294,0.3466666666666667,0.396,0.338
517,22-13,,,,0.281,0.263,,,,,0.282,0.304,,,0.364,0.298,,,0.378,,0.396,,,,,,0.339,,,,,0.0,0.272,0.293,0.3466666666666667,0.396,0.339
518,22-14,,,,0.282,0.261,,,,,0.282,0.304,,,0.365,0.298,,,0.378,,0.396,,,,,,0.338,,,,,0.0,0.2715,0.293,0.347,0.396,0.338
519,22-15,,,,0.28,0.259,,,,,0.281,0.302,,,0.365,0.298,,,0.378,,0.396,,,,,,0.338,,,,,0.0,0.2695,0.2915,0.347,0.396,0.338
520,22-16,,,,0.279,0.256,,,,,0.28,0.301,,,0.365,0.298,,,0.378,,0.396,,,,,,0.338,,,,,0.0,0.2675,0.2905,0.347,0.396,0.338
521,22-17,,,,0.278,0.253,,,,,0.279,0.298,,,0.365,0.298,,,0.378,,0.396,,,,,,0.338,,,,,0.0,0.2655,0.2885,0.347,0.396,0.338
522,22-18,,,,0.276,0.251,,,,,0.277,0.296,,,0.365,0.297,,,0.377,,0.396,,,,,,0.338,,,,,0.0,0.2635,0.2865,0.3463333333333333,0.396,0.338
523,22-19,,,,2.619,0.247,,,,,0.275,0.294,,,0.365,0.297,,,0.377,,0.396,,,,,,3.033,,,,,0.0,1.433,0.2845,0.3463333333333333,0.396,3.033
524,22-20,,,,0.273,0.245,,,,,0.273,0.292,,,0.365,0.298,,,0.377,,0.396,,,,,,0.338,,,,,0.0,0.259,0.2825,0.3466666666666667,0.396,0.338
525,22-21,,,,2.72,0.243,,,,,0.272,0.289,,,,0.297,,,0.377,,3.969,,,,,,3.127,,,,,0.0,1.4815,0.2805,0.337,3.969,3.127
526,22-22,,,,0.271,0.241,,,,,0.27,0.287,,,0.364,0.297,,,0.377,,0.396,,,,,,0.338,,,,,0.0,0.256,0.2785,0.346,0.396,0.338
527,22-23,,,,0.27,0.239,,,,,0.268,0.285,,,0.364,0.296,,,3.504,,0.396,,,,,,0.338,,,,,0.0,0.2545,0.2765,1.388,0.396,0.338
528,23-00,,,,0.269,0.238,,,,,0.267,0.284,,,0.364,0.296,,,0.377,,0.396,,,,,,0.339,,,,,0.0,0.2535,0.2755,0.3456666666666666,0.396,0.339
529,23-01,,,,2.488,0.238,,,,,0.266,0.282,,,0.364,0.296,,,0.377,,0.396,,,,,,0.338,,,,,0.0,1.363,0.274,0.3456666666666666,0.396,0.338
530,23-02,,,,0.269,0.236,,,,,0.265,0.281,,,0.365,0.296,,,0.377,,0.395,,,,,,0.338,,,,,0.0,0.2525,0.273,0.346,0.395,0.338
531,23-03,,,,0.268,0.235,,,,,0.264,0.28,,,0.365,0.296,,,0.377,,0.396,,,,,,0.338,,,,,0.0,0.2515,0.272,0.346,0.396,0.338
532,23-04,,,,0.267,0.235,,,,,0.264,0.278,,,0.365,0.296,,,0.376,,0.395,,,,,,0.338,,,,,0.0,0.251,0.271,0.3456666666666666,0.395,0.338
533,23-05,,,,2.461,0.234,,,,,2.434,0.277,,,3.367,0.296,,,3.479,,0.396,,,,,,3.127,,,,,0.0,1.3475,1.3555,2.380666666666666,0.396,3.127
534,23-06,,,,0.266,0.234,,,,,0.263,0.276,,,0.364,0.296,,,0.377,,0.395,,,,,,0.338,,,,,0.0,0.25,0.2695,0.3456666666666666,0.395,0.338
535,23-07,,,,2.66,0.233,,,,,0.263,0.276,,,3.376,0.297,,,0.377,,3.959,,,,,,3.135,,,,,0.0,1.4465,0.2695,1.35,3.959,3.135
536,23-08,,,,0.266,0.232,,,,,0.264,0.274,,,0.365,0.297,,,0.377,,0.395,,,,,,0.338,,,,,0.0,0.249,0.269,0.3463333333333333,0.395,0.338
537,23-09,,,,0.266,0.232,,,,,0.263,0.275,,,0.365,0.297,,,0.377,,0.395,,,,,,0.338,,,,,0.0,0.249,0.269,0.3463333333333333,0.395,0.338
538,23-10,,,,0.266,0.233,,,,,0.263,0.273,,,0.365,0.298,,,0.377,,0.395,,,,,,0.338,,,,,0.2,0.2495,0.268,0.3466666666666667,0.395,0.338
539,23-11,,,,0.266,0.233,,,,,0.263,0.274,,,0.365,0.297,,,0.377,,0.395,,,,,,0.338,,,,,0.0,0.2495,0.2685,0.3463333333333333,0.395,0.338
540,23-12,,,,0.265,0.232,,,,,0.263,0.273,,,0.364,0.298,,,0.377,,0.395,,,,,,0.338,,,,,0.0,0.2485,0.268,0.3463333333333333,0.395,0.338
541,23-13,,,,0.265,0.232,,,,,0.262,0.272,,,0.364,0.297,,,0.377,,0.396,,,,,,0.338,,,,,0.0,0.2485,0.267,0.346,0.396,0.338
542,23-14,,,,0.264,0.231,,,,,0.261,0.271,,,0.365,0.298,,,0.377,,0.395,,,,,,0.338,,,,,0.0,0.2475,0.266,0.3466666666666667,0.395,0.338
543,23-15,,,,0.261,0.229,,,,,0.26,0.27,,,0.365,0.297,,,0.377,,0.395,,,,,,0.338,,,,,0.0,0.245,0.265,0.3463333333333333,0.395,0.338
544,23-16,,,,0.26,0.227,,,,,0.257,0.268,,,0.364,0.297,,,0.377,,0.395,,,,,,0.338,,,,,0.0,0.2435,0.2625,0.346,0.395,0.338
545,23-17,,,,0.258,0.225,,,,,0.254,0.265,,,0.365,0.297,,,0.377,,0.395,,,,,,0.338,,,,,0.0,0.2415,0.2595,0.3463333333333333,0.395,0.338
546,23-18,,,,0.256,0.223,,,,,0.252,0.263,,,0.365,0.296,,,0.377,,0.395,,,,,,3.481,,,,,0.0,0.2395,0.2575,0.346,0.395,3.481
547,23-19,,,,2.341,0.222,,,,,2.304,0.261,,,0.364,0.296,,,0.377,,3.654,,,,,,3.126,,,,,0.0,1.2815,1.2825,0.3456666666666666,3.654,3.126
548,23-20,,,,2.331,0.221,,,,,2.268,0.259,,,0.364,0.295,,,0.376,,0.395,,,,,,0.338,,,,,0.0,1.276,1.2635,0.345,0.395,0.338
549,23-21,,,,0.25,0.219,,,,,0.244,0.256,,,0.364,0.295,,,0.376,,0.395,,,,,,0.338,,,,,0.0,0.2345,0.25,0.345,0.395,0.338
550,23-22,,,,0.247,0.217,,,,,0.242,0.254,,,0.364,0.294,,,0.376,,0.395,,,,,,0.338,,,,,0.0,0.232,0.248,0.3446666666666666,0.395,0.338
551,23-23,,,,0.246,0.217,,,,,0.241,0.251,,,0.364,0.295,,,0.376,,0.395,,,,,,0.338,,,,,0.0,0.2315,0.246,0.345,0.395,0.338
552,24-00,,,,0.245,0.215,,,,,0.24,0.249,,,0.364,0.294,,,0.376,,0.395,,,,,,0.338,,,,,0.0,0.23,0.2445,0.3446666666666666,0.395,0.338
553,24-01,,,,0.244,0.215,,,,,0.24,0.248,,,0.364,0.294,,,0.375,,0.395,,,,,,0.338,,,,,0.0,0.2295,0.244,0.3443333333333333,0.395,0.338
554,24-02,,,,0.243,0.215,,,,,0.239,0.247,,,0.364,0.294,,,3.469,,0.395,,,,,,0.338,,,,,0.0,0.229,0.243,1.375666666666667,0.395,0.338
555,24-03,,,,0.242,0.215,,,,,0.239,0.245,,,0.363,0.294,,,0.375,,0.394,,,,,,0.338,,,,,0.0,0.2285,0.242,0.344,0.394,0.338
556,24-04,,,,0.243,0.215,,,,,0.239,0.244,,,0.364,0.295,,,0.375,,0.395,,,,,,0.338,,,,,0.0,0.229,0.2415,0.3446666666666667,0.395,0.338
557,24-05,,,,0.242,0.215,,,,,2.276,0.245,,,0.364,0.295,,,0.375,,0.395,,,,,,0.338,,,,,0.0,0.2285,1.2605,0.3446666666666667,0.395,0.338
558,24-06,,,,0.242,0.214,,,,,0.239,0.243,,,0.364,0.295,,,0.376,,0.394,,,,,,0.338,,,,,0.0,0.228,0.241,0.345,0.394,0.338
559,24-07,,,,0.241,0.214,,,,,0.239,0.243,,,0.364,0.295,,,0.376,,0.395,,,,,,0.338,,,,,0.0,0.2275,0.241,0.345,0.395,0.338
560,24-08,,,,0.241,0.214,,,,,0.239,0.242,,,0.365,0.295,,,0.376,,0.394,,,,,,0.338,,,,,0.0,0.2275,0.2405,0.3453333333333333,0.394,0.338
561,24-09,,,,0.24,0.214,,,,,0.238,0.241,,,0.365,0.294,,,0.375,,0.394,,,,,,0.338,,,,,0.0,0.227,0.2395,0.3446666666666667,0.394,0.338
562,24-10,,,,0.24,0.214,,,,,0.239,0.24,,,0.364,0.295,,,0.375,,0.394,,,,,,0.338,,,,,0.0,0.227,0.2395,0.3446666666666667,0.394,0.338
563,24-11,,,,0.24,0.214,,,,,0.239,0.24,,,0.364,0.295,,,0.376,,0.394,,,,,,0.338,,,,,0.0,0.227,0.2395,0.345,0.394,0.338
564,24-12,,,,2.22,0.213,,,,,0.239,,,,3.376,0.295,,,0.376,,3.653,,,,,,3.126,,,,,0.0,1.2165,0.239,1.349,3.653,3.126
565,24-13,,,,0.239,0.212,,,,,0.239,0.238,,,0.364,0.294,,,0.376,,0.395,,,,,,0.337,,,,,0.0,0.2255,0.2385,0.3446666666666666,0.395,0.337
566,24-14,,,,0.238,0.211,,,,,0.237,0.236,,,0.364,0.295,,,0.376,,0.394,,,,,,0.338,,,,,0.0,0.2245,0.2365,0.345,0.394,0.338
567,24-15,,,,0.252,0.228,,,,,0.247,0.247,,,0.365,0.297,,,0.376,,0.395,,,,,,0.339,,,,,11.7,0.24,0.247,0.3459999999999999,0.395,0.339
568,24-16,,,,0.272,0.259,,,,,0.275,0.278,,,0.367,0.302,,,0.379,,0.396,,,,,,0.34,,,,,0.7,0.2655,0.2765,0.3493333333333333,0.396,0.34
569,24-17,,,,0.275,0.261,,,,,0.28,0.281,,,0.368,0.302,,,0.379,,0.396,,,,,,0.341,,,,,0.0,0.268,0.2805,0.3496666666666666,0.396,0.341
570,24-18,,,,0.276,0.26,,,,,0.283,0.281,,,0.368,0.302,,,0.379,,0.396,,,,,,0.341,,,,,0.0,0.268,0.282,0.3496666666666666,0.396,0.341
571,24-19,,,,0.276,0.257,,,,,0.283,0.279,,,0.368,0.302,,,0.38,,0.396,,,,,,0.34,,,,,0.0,0.2665,0.281,0.3499999999999999,0.396,0.34
572,24-20,,,,0.275,0.255,,,,,0.282,0.277,,,0.369,0.301,,,0.381,,0.396,,,,,,0.34,,,,,0.0,0.265,0.2795,0.3503333333333333,0.396,0.34
573,24-21,,,,0.275,0.252,,,,,0.281,0.276,,,0.368,0.301,,,0.381,,0.396,,,,,,0.34,,,,,0.0,0.2635,0.2785,0.35,0.396,0.34
574,24-22,,,,0.274,0.25,,,,,0.281,0.274,,,0.368,0.301,,,0.38,,0.396,,,,,,0.34,,,,,0.0,0.262,0.2775,0.3496666666666666,0.396,0.34
575,24-23,,,,0.274,0.249,,,,,0.281,0.273,,,0.369,0.301,,,0.38,,0.396,,,,,,0.34,,,,,0.0,0.2615,0.277,0.3499999999999999,0.396,0.34
576,25-00,,,,0.274,0.248,,,,,0.28,0.272,,,0.368,0.301,,,0.38,,0.396,,,,,,0.34,,,,,0.0,0.261,0.276,0.3496666666666666,0.396,0.34
577,25-01,,,,0.274,0.248,,,,,0.281,0.272,,,0.369,0.301,,,0.38,,0.396,,,,,,0.339,,,,,0.0,0.261,0.2765,0.3499999999999999,0.396,0.339
578,25-02,,,,0.273,0.248,,,,,0.28,0.272,,,0.368,0.301,,,0.38,,0.396,,,,,,0.34,,,,,0.0,0.2605,0.276,0.3496666666666666,0.396,0.34
579,25-03,,,,0.273,0.247,,,,,0.279,0.271,,,0.369,0.301,,,0.38,,0.396,,,,,,0.339,,,,,0.0,0.26,0.275,0.3499999999999999,0.396,0.339
580,25-04,,,,0.272,0.246,,,,,0.279,0.27,,,0.369,0.301,,,0.38,,0.396,,,,,,0.339,,,,,0.0,0.259,0.2745,0.3499999999999999,0.396,0.339
581,25-05,,,,0.272,0.245,,,,,0.279,0.27,,,0.369,0.302,,,0.381,,0.396,,,,,,0.339,,,,,0.0,0.2585,0.2745,0.3506666666666667,0.396,0.339
582,25-06,,,,0.271,0.244,,,,,0.278,0.269,,,0.368,0.302,,,0.381,,0.396,,,,,,0.339,,,,,0.0,0.2575,0.2735,0.3503333333333333,0.396,0.339
583,25-07,,,,0.271,0.245,,,,,0.278,0.269,,,0.369,0.301,,,0.381,,0.396,,,,,,0.339,,,,,0.0,0.258,0.2735,0.3503333333333333,0.396,0.339
584,25-08,,,,0.271,0.245,,,,,0.278,0.269,,,0.369,0.302,,,0.382,,0.396,,,,,,0.34,,,,,0.0,0.258,0.2735,0.351,0.396,0.34
585,25-09,,,,0.27,0.243,,,,,0.277,0.268,,,0.369,0.301,,,0.381,,0.396,,,,,,0.339,,,,,0.0,0.2565,0.2725,0.3503333333333333,0.396,0.339
586,25-10,,,,0.27,0.243,,,,,0.277,0.268,,,0.368,0.302,,,0.381,,0.396,,,,,,0.339,,,,,0.0,0.2565,0.2725,0.3503333333333333,0.396,0.339
587,25-11,,,,0.27,0.242,,,,,0.277,0.268,,,0.369,0.302,,,0.381,,0.395,,,,,,0.34,,,,,0.0,0.256,0.2725,0.3506666666666667,0.395,0.34
588,25-12,,,,0.27,0.243,,,,,0.277,0.267,,,0.369,0.302,,,0.381,,0.396,,,,,,0.339,,,,,0.2,0.2565,0.272,0.3506666666666667,0.396,0.339
589,25-13,,,,0.269,0.242,,,,,0.276,0.267,,,0.369,0.302,,,0.381,,0.396,,,,,,0.34,,,,,0.0,0.2555,0.2715,0.3506666666666667,0.396,0.34
590,25-14,,,,0.269,0.241,,,,,0.275,0.266,,,0.369,0.302,,,0.382,,0.396,,,,,,0.339,,,,,0.9,0.255,0.2705,0.351,0.396,0.339
591,25-15,,,,0.272,0.247,,,,,0.277,0.27,,,0.37,0.303,,,0.383,,0.396,,,,,,0.34,,,,,3.3,0.2595,0.2735,0.352,0.396,0.34
592,25-16,,,,0.276,0.255,,,,,0.282,0.277,,,0.37,0.304,,,0.384,,0.396,,,,,,0.34,,,,,0.0,0.2655,0.2795,0.3526666666666666,0.396,0.34
593,25-17,,,,0.277,0.255,,,,,0.284,0.277,,,0.37,0.304,,,0.383,,0.396,,,,,,0.34,,,,,0.0,0.266,0.2805,0.3523333333333333,0.396,0.34
594,25-18,,,,0.277,0.255,,,,,0.285,0.277,,,0.37,0.303,,,0.384,,0.396,,,,,,0.34,,,,,0.0,0.266,0.281,0.3523333333333333,0.396,0.34
595,25-19,,,,0.284,0.266,,,,,0.293,0.286,,,0.371,0.306,,,0.386,,0.397,,,,,,0.342,,,,,9.3,0.275,0.2895,0.3543333333333334,0.397,0.342
596,25-20,,,,0.311,0.313,,,,,0.32,0.322,,,0.373,0.309,,,0.391,,0.399,,,,,,0.345,,,,,2.1,0.312,0.321,0.3576666666666666,0.399,0.345
597,25-21,,,,0.316,0.323,,,,,0.327,0.329,,,0.374,0.31,,,0.394,,0.399,,,,,,0.345,,,,,0.0,0.3195,0.328,0.3593333333333333,0.399,0.345
598,25-22,,,,0.319,0.325,,,,,0.329,0.33,,,0.374,0.31,,,0.394,,0.399,,,,,,0.345,,,,,0.0,0.322,0.3295,0.3593333333333333,0.399,0.345
599,25-23,,,,0.32,0.324,,,,,0.332,0.33,,,0.375,0.31,,,0.395,,0.399,,,,,,0.345,,,,,0.0,0.322,0.331,0.36,0.399,0.345
600,26-00,,,,0.32,0.325,,,,,0.332,0.33,,,0.375,0.309,,,0.395,,0.398,,,,,,0.345,,,,,0.0,0.3225,0.331,0.3596666666666666,0.398,0.345
601,26-01,,,,0.32,0.323,,,,,0.332,0.332,,,0.375,0.309,,,0.396,,0.399,,,,,,0.345,,,,,0.0,0.3215,0.332,0.36,0.399,0.345
602,26-02,,,,0.321,0.322,,,,,0.332,0.332,,,0.375,0.309,,,0.396,,0.399,,,,,,0.344,,,,,0.0,0.3215,0.332,0.36,0.399,0.344
603,26-03,,,,0.321,0.322,,,,,0.333,0.332,,,0.375,0.309,,,3.664,,0.399,,,,,,0.344,,,,,0.0,0.3215,0.3325,1.449333333333333,0.399,0.344
604,26-04,,,,0.32,0.321,,,,,0.332,0.332,,,0.375,0.309,,,0.396,,0.399,,,,,,0.344,,,,,0.0,0.3205,0.332,0.36,0.399,0.344
605,26-05,,,,0.32,0.32,,,,,0.332,0.332,,,0.376,0.309,,,0.398,,0.399,,,,,,0.345,,,,,0.0,0.32,0.332,0.361,0.399,0.345
606,26-06,,,,0.32,0.321,,,,,0.332,0.331,,,0.376,0.309,,,0.397,,0.399,,,,,,0.344,,,,,0.0,0.3205,0.3315,0.3606666666666667,0.399,0.344
607,26-07,,,,0.32,0.319,,,,,0.331,0.331,,,0.376,0.309,,,0.397,,0.399,,,,,,0.344,,,,,0.0,0.3195,0.331,0.3606666666666667,0.399,0.344
608,26-08,,,,0.32,0.319,,,,,,,,,0.376,,,,3.941,,0.398,,,,,,0.344,,,,,0.0,0.3195,,2.1585,0.398,0.344
609,26-09,,,,0.32,0.319,,,,,1.245,0.332,,,0.376,0.308,,,0.398,,0.399,,,,,,0.344,,,,,0.0,0.3195,0.7885000000000001,0.3606666666666666,0.399,0.344
610,26-10,,,,0.32,0.319,,,,,0.332,0.332,,,0.376,0.309,,,0.398,,0.398,,,,,,0.343,,,,,0.0,0.3195,0.332,0.361,0.398,0.343
611,26-11,,,,0.319,0.318,,,,,0.331,0.332,,,0.376,0.309,,,0.398,,0.399,,,,,,0.343,,,,,0.0,0.3185,0.3315,0.361,0.399,0.343
612,26-12,,,,0.319,0.318,,,,,0.331,0.332,,,3.487,0.308,,,0.398,,0.398,,,,,,0.344,,,,,0.2,0.3185,0.3315,1.397666666666667,0.398,0.344
613,26-13,,,,0.319,0.317,,,,,0.331,0.332,,,0.377,0.308,,,0.398,,0.399,,,,,,0.344,,,,,0.0,0.318,0.3315,0.361,0.399,0.344
614,26-14,,,,0.318,0.316,,,,,0.329,0.332,,,0.377,0.308,,,0.398,,0.399,,,,,,0.344,,,,,0.0,0.317,0.3305,0.361,0.399,0.344
615,26-15,,,,0.317,0.315,,,,,0.329,0.332,,,0.377,0.307,,,0.398,,0.399,,,,,,0.344,,,,,0.0,0.316,0.3305,0.3606666666666666,0.399,0.344
616,26-16,,,,0.316,0.313,,,,,0.328,0.332,,,0.377,0.309,,,0.398,,0.398,,,,,,0.344,,,,,0.0,0.3145,0.33,0.3613333333333333,0.398,0.344
617,26-17,,,,0.314,0.312,,,,,0.327,0.33,,,0.377,0.308,,,0.398,,0.399,,,,,,0.344,,,,,0.0,0.313,0.3285,0.361,0.399,0.344
618,26-18,,,,0.312,0.309,,,,,0.325,0.329,,,0.378,0.307,,,0.397,,0.398,,,,,,0.343,,,,,0.0,0.3105,0.327,0.3606666666666667,0.398,0.343
619,26-19,,,,0.31,0.306,,,,,0.324,0.328,,,0.376,0.307,,,0.397,,0.398,,,,,,0.344,,,,,0.0,0.308,0.326,0.36,0.398,0.344
620,26-20,,,,0.309,0.304,,,,,0.322,0.327,,,0.376,0.306,,,0.397,,0.398,,,,,,0.342,,,,,0.0,0.3065,0.3245,0.3596666666666666,0.398,0.342
621,26-21,,,,0.307,0.302,,,,,0.32,0.326,,,0.376,0.306,,,0.397,,0.398,,,,,,0.341,,,,,0.0,0.3045,0.323,0.3596666666666666,0.398,0.341
622,26-22,,,,0.306,0.3,,,,,0.319,0.325,,,0.376,0.305,,,0.397,,0.398,,,,,,0.342,,,,,0.0,0.303,0.322,0.3593333333333333,0.398,0.342
623,26-23,,,,0.304,0.298,,,,,0.318,0.324,,,0.376,0.304,,,0.396,,0.398,,,,,,0.341,,,,,0.0,0.301,0.321,0.3586666666666667,0.398,0.341
624,27-00,,,,0.304,0.298,,,,,0.318,0.324,,,0.376,0.305,,,0.396,,0.398,,,,,,0.341,,,,,0.0,0.301,0.321,0.359,0.398,0.341
625,27-01,,,,0.303,0.297,,,,,0.317,0.324,,,0.376,0.304,,,0.396,,0.398,,,,,,0.341,,,,,0.0,0.3,0.3205,0.3586666666666667,0.398,0.341
626,27-02,,,,0.303,0.297,,,,,0.316,0.324,,,0.376,0.304,,,0.396,,0.398,,,,,,0.342,,,,,0.0,0.3,0.32,0.3586666666666667,0.398,0.342
627,27-03,,,,0.302,0.296,,,,,0.316,0.323,,,0.376,0.305,,,0.396,,0.398,,,,,,0.341,,,,,0.0,0.299,0.3195,0.359,0.398,0.341
628,27-04,,,,0.302,0.296,,,,,0.315,0.322,,,0.376,0.305,,,0.395,,0.398,,,,,,0.341,,,,,0.0,0.299,0.3185,0.3586666666666667,0.398,0.341
629,27-05,,,,0.302,0.294,,,,,0.316,0.322,,,0.376,0.304,,,0.395,,0.398,,,,,,0.342,,,,,0.0,0.298,0.319,0.3583333333333333,0.398,0.342
630,27-06,,,,0.301,0.294,,,,,0.315,0.322,,,0.376,0.304,,,0.395,,0.398,,,,,,0.342,,,,,0.0,0.2975,0.3185,0.3583333333333333,0.398,0.342
631,27-07,,,,0.301,0.295,,,,,0.315,0.323,,,0.376,0.304,,,0.396,,0.398,,,,,,0.342,,,,,0.0,0.298,0.319,0.3586666666666667,0.398,0.342
632,27-08,,,,0.302,0.294,,,,,0.315,0.323,,,0.377,0.304,,,0.396,,0.398,,,,,,0.341,,,,,0.0,0.298,0.319,0.359,0.398,0.341
633,27-09,,,,0.301,0.295,,,,,0.315,0.323,,,0.375,0.304,,,0.396,,0.397,,,,,,0.341,,,,,0.0,0.298,0.319,0.3583333333333334,0.397,0.341
634,27-10,,,,2.701,0.294,,,,,2.819,0.322,,,0.376,0.304,,,0.396,,0.397,,,,,,0.341,,,,,0.0,1.4975,1.5705,0.3586666666666667,0.397,0.341
635,27-11,,,,0.301,0.294,,,,,0.315,0.323,,,0.377,0.304,,,0.397,,0.398,,,,,,0.341,,,,,0.0,0.2975,0.319,0.3593333333333333,0.398,0.341
636,27-12,,,,0.301,0.294,,,,,0.315,0.323,,,0.376,0.304,,,0.397,,0.397,,,,,,0.342,,,,,0.0,0.2975,0.319,0.359,0.397,0.342
637,27-13,,,,0.3,0.292,,,,,0.314,0.323,,,0.377,0.304,,,0.396,,0.397,,,,,,0.342,,,,,0.0,0.296,0.3185,0.359,0.397,0.342
638,27-14,,,,0.298,0.292,,,,,0.314,0.323,,,0.376,0.304,,,0.397,,0.397,,,,,,0.342,,,,,0.0,0.295,0.3185,0.359,0.397,0.342
639,27-15,,,,0.296,0.291,,,,,0.313,0.322,,,0.376,0.304,,,0.397,,0.397,,,,,,0.341,,,,,0.0,0.2935,0.3175,0.359,0.397,0.341
640,27-16,,,,0.293,0.289,,,,,0.311,0.321,,,0.377,0.304,,,0.396,,0.397,,,,,,0.341,,,,,0.0,0.291,0.316,0.359,0.397,0.341
641,27-17,,,,0.289,0.286,,,,,0.31,0.32,,,0.376,0.304,,,0.396,,0.397,,,,,,0.341,,,,,0.0,0.2875,0.315,0.3586666666666667,0.397,0.341
642,27-18,,,,0.287,0.284,,,,,0.308,0.318,,,0.376,0.304,,,0.396,,0.397,,,,,,0.341,,,,,0.0,0.2855,0.313,0.3586666666666667,0.397,0.341
643,27-19,,,,0.284,0.282,,,,,0.305,0.316,,,0.375,0.303,,,0.395,,0.397,,,,,,0.34,,,,,0.0,0.283,0.3105,0.3576666666666666,0.397,0.34
644,27-20,,,,0.282,0.279,,,,,0.302,0.315,,,0.375,0.303,,,0.396,,0.396,,,,,,0.34,,,,,0.0,0.2805,0.3085,0.3579999999999999,0.396,0.34
645,27-21,,,,2.599,0.277,,,,,2.783,0.312,,,,0.302,,,0.395,,3.772,,,,,,3.238,,,,,0.0,1.438,1.5475,0.3485,3.772,3.238
646,27-22,,,,0.28,0.275,,,,,0.296,0.312,,,0.375,0.301,,,0.395,,0.396,,,,,,0.34,,,,,0.0,0.2775,0.304,0.357,0.396,0.34
647,27-23,,,,0.28,0.274,,,,,0.295,0.311,,,0.375,0.301,,,0.394,,0.396,,,,,,0.34,,,,,0.0,0.277,0.303,0.3566666666666666,0.396,0.34
648,28-00,,,,0.279,0.273,,,,,0.293,0.31,,,0.375,0.301,,,0.394,,0.396,,,,,,0.34,,,,,0.0,0.276,0.3015,0.3566666666666666,0.396,0.34
649,28-01,,,,0.279,0.273,,,,,0.293,0.309,,,0.375,0.301,,,0.394,,0.396,,,,,,0.339,,,,,0.0,0.276,0.301,0.3566666666666666,0.396,0.339
650,28-02,,,,0.279,0.272,,,,,0.292,0.309,,,0.375,0.302,,,0.393,,0.396,,,,,,0.339,,,,,0.0,0.2755,0.3005,0.3566666666666667,0.396,0.339
651,28-03,,,,0.279,0.272,,,,,0.292,0.309,,,0.375,0.301,,,0.394,,0.396,,,,,,0.34,,,,,0.0,0.2755,0.3005,0.3566666666666666,0.396,0.34
652,28-04,,,,0.279,0.272,,,,,0.292,0.308,,,0.375,0.302,,,0.394,,0.396,,,,,,0.34,,,,,0.0,0.2755,0.3,0.357,0.396,0.34
653,28-05,,,,0.279,0.271,,,,,0.292,0.308,,,0.375,0.302,,,0.394,,0.396,,,,,,0.339,,,,,0.0,0.275,0.3,0.357,0.396,0.339
654,28-06,,,,0.279,0.271,,,,,0.291,0.308,,,0.375,0.302,,,0.394,,0.395,,,,,,0.34,,,,,0.0,0.275,0.2995,0.357,0.395,0.34
655,28-07,,,,0.278,0.271,,,,,0.291,0.307,,,0.375,0.301,,,0.394,,0.396,,,,,,0.34,,,,,0.0,0.2745,0.299,0.3566666666666666,0.396,0.34
656,28-08,,,,0.278,0.271,,,,,0.291,0.307,,,0.375,0.302,,,0.393,,0.396,,,,,,0.34,,,,,0.0,0.2745,0.299,0.3566666666666667,0.396,0.34
657,28-09,,,,0.278,0.271,,,,,0.291,0.307,,,0.375,0.302,,,0.394,,0.396,,,,,,0.34,,,,,0.0,0.2745,0.299,0.357,0.396,0.34
658,28-10,,,,0.278,0.27,,,,,0.291,0.307,,,0.375,0.302,,,0.394,,0.396,,,,,,0.339,,,,,0.0,0.274,0.299,0.357,0.396,0.339
659,28-11,,,,0.279,0.269,,,,,0.291,0.308,,,0.375,0.302,,,0.394,,0.396,,,,,,0.339,,,,,0.0,0.274,0.2995,0.357,0.396,0.339
660,28-12,,,,0.278,0.27,,,,,0.29,0.308,,,0.375,0.302,,,0.395,,0.396,,,,,,0.339,,,,,0.0,0.274,0.299,0.3573333333333333,0.396,0.339
661,28-13,,,,0.278,0.269,,,,,0.289,0.307,,,0.375,0.302,,,0.395,,0.395,,,,,,0.34,,,,,0.0,0.2735,0.298,0.3573333333333333,0.395,0.34
662,28-14,,,,0.277,0.268,,,,,0.29,0.306,,,0.375,0.302,,,0.394,,0.395,,,,,,0.34,,,,,0.0,0.2725,0.298,0.357,0.395,0.34
663,28-15,,,,0.276,0.267,,,,,0.288,0.305,,,0.375,0.303,,,0.395,,0.395,,,,,,0.339,,,,,0.0,0.2715,0.2965,0.3576666666666666,0.395,0.339
664,28-16,,,,0.275,0.264,,,,,0.287,0.304,,,0.375,0.302,,,0.394,,0.395,,,,,,0.339,,,,,0.0,0.2695,0.2955,0.357,0.395,0.339
665,28-17,,,,0.273,0.261,,,,,0.285,0.301,,,0.375,0.302,,,0.394,,0.395,,,,,,0.339,,,,,0.0,0.267,0.293,0.357,0.395,0.339
666,28-18,,,,0.271,0.258,,,,,0.282,0.299,,,0.375,0.302,,,0.394,,0.395,,,,,,0.339,,,,,0.0,0.2645,0.2905,0.357,0.395,0.339
667,28-19,,,,0.269,0.255,,,,,0.28,0.297,,,0.374,0.3,,,0.393,,0.395,,,,,,0.339,,,,,0.0,0.262,0.2885,0.3556666666666666,0.395,0.339
668,28-20,,,,0.267,0.252,,,,,0.279,0.293,,,0.374,0.3,,,0.393,,0.395,,,,,,0.338,,,,,0.0,0.2595,0.286,0.3556666666666666,0.395,0.338
669,28-21,,,,0.265,0.249,,,,,0.277,0.29,,,0.374,0.3,,,0.391,,0.395,,,,,,0.338,,,,,0.0,0.257,0.2835,0.355,0.395,0.338
670,28-22,,,,0.263,0.246,,,,,0.275,0.287,,,0.374,0.299,,,0.392,,0.395,,,,,,0.338,,,,,0.0,0.2545,0.281,0.355,0.395,0.338
671,28-23,,,,0.262,0.244,,,,,0.273,0.285,,,0.374,0.298,,,0.392,,0.395,,,,,,0.338,,,,,0.0,0.253,0.279,0.3546666666666667,0.395,0.338
672,29-00,,,,0.262,0.242,,,,,0.272,0.283,,,0.373,0.299,,,0.391,,0.395,,,,,,0.338,,,,,0.0,0.252,0.2775,0.3543333333333333,0.395,0.338
673,29-01,,,,0.261,0.241,,,,,0.27,0.282,,,0.374,0.299,,,0.391,,0.395,,,,,,0.338,,,,,0.0,0.251,0.276,0.3546666666666667,0.395,0.338
674,29-02,,,,0.261,0.24,,,,,0.27,0.281,,,0.374,0.299,,,0.391,,0.395,,,,,,0.338,,,,,0.0,0.2505,0.2755,0.3546666666666667,0.395,0.338
675,29-03,,,,0.26,0.239,,,,,0.269,0.28,,,0.373,0.299,,,0.391,,0.395,,,,,,0.338,,,,,0.0,0.2495,0.2745,0.3543333333333333,0.395,0.338
676,29-04,,,,0.26,0.238,,,,,0.269,0.278,,,0.373,0.298,,,0.39,,0.395,,,,,,0.338,,,,,0.0,0.249,0.2735,0.3536666666666666,0.395,0.338
677,29-05,,,,0.26,0.239,,,,,0.269,0.278,,,0.374,0.298,,,0.391,,0.394,,,,,,0.339,,,,,0.0,0.2495,0.2735,0.3543333333333333,0.394,0.339
678,29-06,,,,0.26,0.238,,,,,0.269,0.277,,,0.373,0.299,,,0.391,,0.394,,,,,,0.338,,,,,0.0,0.249,0.273,0.3543333333333333,0.394,0.338
679,29-07,,,,0.261,0.237,,,,,0.27,0.276,,,0.374,0.299,,,0.39,,0.394,,,,,,0.338,,,,,0.0,0.249,0.273,0.3543333333333334,0.394,0.338
680,29-08,,,,0.26,0.237,,,,,0.269,0.277,,,0.374,0.299,,,0.388,,0.394,,,,,,0.338,,,,,0.0,0.2485,0.273,0.3536666666666666,0.394,0.338
681,29-09,,,,0.261,0.237,,,,,0.269,0.276,,,0.374,0.299,,,0.389,,0.394,,,,,,0.338,,,,,0.0,0.249,0.2725,0.354,0.394,0.338
682,29-10,,,,0.26,0.237,,,,,0.269,0.276,,,0.374,0.299,,,0.387,,0.394,,,,,,0.338,,,,,0.0,0.2485,0.2725,0.3533333333333333,0.394,0.338
683,29-11,,,,0.26,0.236,,,,,0.269,0.275,,,0.374,0.299,,,0.387,,0.394,,,,,,0.338,,,,,0.0,0.248,0.272,0.3533333333333333,0.394,0.338
684,29-12,,,,0.26,0.235,,,,,0.268,0.274,,,0.374,0.3,,,0.387,,0.394,,,,,,0.338,,,,,0.0,0.2475,0.271,0.3536666666666666,0.394,0.338
685,29-13,,,,0.259,0.235,,,,,0.267,0.273,,,0.374,0.3,,,0.387,,0.394,,,,,,0.338,,,,,0.0,0.247,0.27,0.3536666666666666,0.394,0.338
686,29-14,,,,0.259,0.234,,,,,0.267,0.273,,,0.374,0.3,,,0.387,,0.394,,,,,,0.338,,,,,0.0,0.2465,0.27,0.3536666666666666,0.394,0.338
687,29-15,,,,0.257,0.233,,,,,0.266,0.271,,,0.374,0.3,,,0.387,,0.394,,,,,,0.339,,,,,0.0,0.245,0.2685,0.3536666666666666,0.394,0.339
688,29-16,,,,0.255,0.231,,,,,0.265,0.27,,,0.374,0.3,,,0.386,,0.394,,,,,,0.339,,,,,0.0,0.243,0.2675,0.3533333333333333,0.394,0.339
689,29-17,,,,0.252,0.229,,,,,0.261,0.267,,,0.374,0.299,,,0.387,,0.394,,,,,,0.338,,,,,0.0,0.2405,0.264,0.3533333333333333,0.394,0.338
690,29-18,,,,0.249,0.226,,,,,0.258,0.263,,,0.373,0.299,,,0.386,,0.394,,,,,,0.338,,,,,0.0,0.2375,0.2605,0.3526666666666666,0.394,0.338
691,29-19,,,,0.246,0.224,,,,,0.255,0.26,,,0.373,0.299,,,0.385,,0.394,,,,,,0.338,,,,,0.0,0.235,0.2575,0.3523333333333333,0.394,0.338
692,29-20,,,,0.244,0.221,,,,,0.252,0.258,,,0.373,0.298,,,0.385,,0.394,,,,,,0.338,,,,,0.0,0.2325,0.255,0.352,0.394,0.338
693,29-21,,,,0.243,0.22,,,,,0.247,0.255,,,0.373,0.298,,,0.384,,0.394,,,,,,0.338,,,,,0.0,0.2315,0.251,0.3516666666666667,0.394,0.338
694,29-22,,,,0.241,0.218,,,,,0.245,0.252,,,0.372,0.298,,,0.384,,0.394,,,,,,0.338,,,,,0.0,0.2295,0.2485,0.3513333333333333,0.394,0.338
695,29-23,,,,0.24,0.217,,,,,0.243,0.249,,,0.372,0.298,,,0.384,,0.394,,,,,,0.337,,,,,0.0,0.2285,0.246,0.3513333333333333,0.394,0.337
696,30-00,,,,0.24,0.216,,,,,0.242,0.248,,,0.373,0.298,,,0.383,,0.394,,,,,,0.337,,,,,0.0,0.228,0.245,0.3513333333333333,0.394,0.337
697,30-01,,,,0.239,0.216,,,,,0.242,0.247,,,0.372,0.298,,,0.383,,0.394,,,,,,0.338,,,,,0.0,0.2275,0.2445,0.351,0.394,0.338
698,30-02,,,,0.239,0.216,,,,,0.241,0.246,,,0.373,0.297,,,0.383,,0.394,,,,,,0.338,,,,,0.0,0.2275,0.2435,0.351,0.394,0.338
699,30-03,,,,0.239,0.215,,,,,0.241,0.244,,,0.373,0.298,,,0.382,,0.394,,,,,,0.338,,,,,0.0,0.227,0.2425,0.351,0.394,0.338
700,30-04,,,,0.239,0.214,,,,,0.24,0.243,,,0.373,0.297,,,0.382,,0.393,,,,,,0.338,,,,,0.0,0.2265,0.2415,0.3506666666666667,0.393,0.338
701,30-05,,,,0.238,0.214,,,,,0.241,0.242,,,0.373,0.297,,,0.383,,0.394,,,,,,0.338,,,,,0.0,0.226,0.2415,0.351,0.394,0.338
702,30-06,,,,0.238,0.215,,,,,0.241,0.242,,,0.373,0.298,,,0.382,,0.394,,,,,,0.338,,,,,0.0,0.2265,0.2415,0.351,0.394,0.338
703,30-07,,,,0.239,0.214,,,,,0.241,0.242,,,0.373,0.297,,,0.382,,0.394,,,,,,0.338,,,,,0.0,0.2265,0.2415,0.3506666666666667,0.394,0.338
704,30-08,,,,0.239,0.216,,,,,0.241,0.242,,,0.373,0.298,,,0.382,,0.394,,,,,,0.337,,,,,0.0,0.2275,0.2415,0.351,0.394,0.337
705,30-09,,,,0.239,0.216,,,,,0.241,0.24,,,0.372,0.298,,,0.383,,0.393,,,,,,0.338,,,,,0.0,0.2275,0.2405,0.351,0.393,0.338
706,30-10,,,,0.238,0.215,,,,,0.241,0.24,,,0.372,0.298,,,0.383,,0.393,,,,,,0.338,,,,,0.0,0.2265,0.2405,0.351,0.393,0.338
707,30-11,,,,0.238,0.215,,,,,0.241,0.24,,,0.373,0.297,,,0.383,,0.393,,,,,,0.338,,,,,0.7,0.2265,0.2405,0.351,0.393,0.338
708,30-12,,,,0.238,0.215,,,,,0.241,0.24,,,0.373,0.298,,,0.383,,0.394,,,,,,0.338,,,,,0.4,0.2265,0.2405,0.3513333333333333,0.394,0.338
709,30-13,,,,0.238,0.215,,,,,0.241,0.24,,,0.373,0.299,,,0.383,,0.394,,,,,,0.338,,,,,0.0,0.2265,0.2405,0.3516666666666666,0.394,0.338
710,30-14,,,,0.239,0.215,,,,,0.241,0.24,,,0.373,0.299,,,0.383,,0.394,,,,,,0.337,,,,,0.0,0.227,0.2405,0.3516666666666666,0.394,0.337
711,30-15,,,,0.238,0.215,,,,,0.241,0.24,,,0.373,0.299,,,0.382,,0.394,,,,,,0.338,,,,,0.0,0.2265,0.2405,0.3513333333333333,0.394,0.338
712,30-16,,,,0.238,0.215,,,,,0.241,0.24,,,0.372,0.298,,,0.383,,0.394,,,,,,0.337,,,,,0.0,0.2265,0.2405,0.351,0.394,0.337
713,30-17,,,,0.238,0.214,,,,,0.241,0.238,,,0.372,0.298,,,0.383,,0.394,,,,,,0.338,,,,,0.0,0.226,0.2395,0.351,0.394,0.338
714,30-18,,,,0.237,0.213,,,,,0.24,0.237,,,0.372,0.298,,,0.383,,0.394,,,,,,0.338,,,,,0.0,0.225,0.2385,0.351,0.394,0.338
715,30-19,,,,0.236,0.211,,,,,0.238,0.234,,,0.372,0.298,,,0.382,,0.394,,,,,,0.338,,,,,0.0,0.2235,0.236,0.3506666666666667,0.394,0.338
716,30-20,,,,0.234,0.209,,,,,0.236,0.231,,,0.372,0.297,,,0.381,,0.394,,,,,,0.338,,,,,0.0,0.2215,0.2335,0.35,0.394,0.338
717,30-21,,,,0.233,0.206,,,,,0.235,0.228,,,0.373,0.297,,,0.381,,0.393,,,,,,0.337,,,,,0.0,0.2195,0.2315,0.3503333333333333,0.393,0.337
718,30-22,,,,0.233,0.205,,,,,0.234,0.225,,,0.372,0.296,,,0.38,,0.393,,,,,,0.337,,,,,0.0,0.219,0.2295,0.3493333333333333,0.393,0.337
719,30-23,,,,0.232,0.204,,,,,0.233,0.223,,,0.372,0.295,,,0.38,,0.393,,,,,,0.337,,,,,0.0,0.218,0.228,0.349,0.393,0.337
